/*
 Navicat Premium Data Transfer

 Source Server         : MySQL 127.0.0.1
 Source Server Type    : MySQL
 Source Server Version : 50718
 Source Host           : 127.0.0.1
 Source Database       : ewsd

 Target Server Type    : MySQL
 Target Server Version : 50718
 File Encoding         : utf-8

 Date: 02/13/2018 15:25:19 PM
*/

SET NAMES utf8;
SET FOREIGN_KEY_CHECKS = 0;

-- ----------------------------
--  Table structure for `admin_menu`
-- ----------------------------
DROP TABLE IF EXISTS `admin_menu`;
CREATE TABLE `admin_menu` (
  `id` int(10) unsigned NOT NULL AUTO_INCREMENT,
  `parent_id` int(11) NOT NULL DEFAULT '0',
  `order` int(11) NOT NULL DEFAULT '0',
  `title` varchar(50) COLLATE utf8mb4_unicode_ci NOT NULL,
  `icon` varchar(50) COLLATE utf8mb4_unicode_ci NOT NULL,
  `uri` varchar(50) COLLATE utf8mb4_unicode_ci DEFAULT NULL,
  `created_at` timestamp NULL DEFAULT NULL,
  `updated_at` timestamp NULL DEFAULT NULL,
  PRIMARY KEY (`id`)
) ENGINE=InnoDB AUTO_INCREMENT=9 DEFAULT CHARSET=utf8mb4 COLLATE=utf8mb4_unicode_ci;

-- ----------------------------
--  Records of `admin_menu`
-- ----------------------------
BEGIN;
INSERT INTO `admin_menu` VALUES ('1', '0', '1', 'Home Page', 'fa-bar-chart', '/', null, '2018-02-11 16:33:43'), ('2', '0', '2', 'Admin', 'fa-tasks', '', null, null), ('3', '2', '3', 'Users', 'fa-users', 'auth/users', null, null), ('4', '2', '4', 'Roles', 'fa-user', 'auth/roles', null, null), ('5', '2', '5', 'Permission', 'fa-ban', 'auth/permissions', null, null), ('6', '2', '6', 'Menu', 'fa-bars', 'auth/menu', null, null), ('7', '2', '7', 'Operation log', 'fa-history', 'auth/logs', null, null), ('8', '0', '0', 'Category Management', 'fa-folder-open', '/category', '2018-02-12 09:42:44', '2018-02-12 09:42:44');
COMMIT;

-- ----------------------------
--  Table structure for `admin_operation_log`
-- ----------------------------
DROP TABLE IF EXISTS `admin_operation_log`;
CREATE TABLE `admin_operation_log` (
  `id` int(10) unsigned NOT NULL AUTO_INCREMENT,
  `user_id` int(11) NOT NULL,
  `path` varchar(255) COLLATE utf8mb4_unicode_ci NOT NULL,
  `method` varchar(10) COLLATE utf8mb4_unicode_ci NOT NULL,
  `ip` varchar(15) COLLATE utf8mb4_unicode_ci NOT NULL,
  `input` text COLLATE utf8mb4_unicode_ci NOT NULL,
  `created_at` timestamp NULL DEFAULT NULL,
  `updated_at` timestamp NULL DEFAULT NULL,
  PRIMARY KEY (`id`),
  KEY `admin_operation_log_user_id_index` (`user_id`)
) ENGINE=InnoDB AUTO_INCREMENT=400 DEFAULT CHARSET=utf8mb4 COLLATE=utf8mb4_unicode_ci;

-- ----------------------------
--  Records of `admin_operation_log`
-- ----------------------------
BEGIN;
INSERT INTO `admin_operation_log` VALUES ('1', '1', 'admin', 'GET', '127.0.0.1', '[]', '2018-02-11 15:42:38', '2018-02-11 15:42:38'), ('2', '1', 'admin/auth/setting', 'GET', '127.0.0.1', '{\"_pjax\":\"#pjax-container\"}', '2018-02-11 15:42:43', '2018-02-11 15:42:43'), ('3', '1', 'admin/auth/logout', 'GET', '127.0.0.1', '{\"_pjax\":\"#pjax-container\"}', '2018-02-11 15:42:49', '2018-02-11 15:42:49'), ('4', '1', 'admin', 'GET', '127.0.0.1', '[]', '2018-02-11 15:42:54', '2018-02-11 15:42:54'), ('5', '1', 'admin/auth/users', 'GET', '127.0.0.1', '{\"_pjax\":\"#pjax-container\"}', '2018-02-11 15:42:59', '2018-02-11 15:42:59'), ('6', '1', 'admin/auth/users/create', 'GET', '127.0.0.1', '{\"_pjax\":\"#pjax-container\"}', '2018-02-11 15:43:02', '2018-02-11 15:43:02'), ('7', '1', 'admin/auth/users', 'GET', '127.0.0.1', '{\"_pjax\":\"#pjax-container\"}', '2018-02-11 15:44:32', '2018-02-11 15:44:32'), ('8', '1', 'admin/auth/users', 'GET', '127.0.0.1', '[]', '2018-02-11 15:44:40', '2018-02-11 15:44:40'), ('9', '1', 'admin/auth/users/create', 'GET', '127.0.0.1', '{\"_pjax\":\"#pjax-container\"}', '2018-02-11 15:44:44', '2018-02-11 15:44:44'), ('10', '1', 'admin/auth/users/create', 'GET', '127.0.0.1', '[]', '2018-02-11 15:48:53', '2018-02-11 15:48:53'), ('11', '1', 'admin/auth/users', 'POST', '127.0.0.1', '{\"username\":null,\"name\":null,\"email\":null,\"password\":null,\"password_confirmation\":null,\"roles\":[null],\"permissions\":[null],\"_token\":\"0QCVApxNFLwpUM6db0nR1igdktLwJN5CUnZymGVW\"}', '2018-02-11 15:48:59', '2018-02-11 15:48:59'), ('12', '1', 'admin/auth/users/create', 'GET', '127.0.0.1', '[]', '2018-02-11 15:48:59', '2018-02-11 15:48:59'), ('13', '1', 'admin/auth/users', 'POST', '127.0.0.1', '{\"username\":null,\"name\":null,\"email\":\"asda\",\"password\":null,\"password_confirmation\":null,\"roles\":[null],\"permissions\":[null],\"_token\":\"0QCVApxNFLwpUM6db0nR1igdktLwJN5CUnZymGVW\"}', '2018-02-11 15:49:05', '2018-02-11 15:49:05'), ('14', '1', 'admin/auth/users/create', 'GET', '127.0.0.1', '[]', '2018-02-11 15:49:07', '2018-02-11 15:49:07'), ('15', '1', 'admin/auth/users/create', 'GET', '127.0.0.1', '[]', '2018-02-11 15:52:33', '2018-02-11 15:52:33'), ('16', '1', 'admin/auth/users', 'POST', '127.0.0.1', '{\"username\":null,\"name\":null,\"email\":null,\"password\":null,\"password_confirmation\":null,\"roles\":[null],\"permissions\":[null],\"_token\":\"0QCVApxNFLwpUM6db0nR1igdktLwJN5CUnZymGVW\"}', '2018-02-11 15:52:41', '2018-02-11 15:52:41'), ('17', '1', 'admin/auth/users/create', 'GET', '127.0.0.1', '[]', '2018-02-11 15:52:41', '2018-02-11 15:52:41'), ('18', '1', 'admin/auth/users', 'POST', '127.0.0.1', '{\"username\":null,\"name\":null,\"email\":\"aaa\",\"password\":null,\"password_confirmation\":null,\"roles\":[null],\"permissions\":[null],\"_token\":\"0QCVApxNFLwpUM6db0nR1igdktLwJN5CUnZymGVW\"}', '2018-02-11 15:52:50', '2018-02-11 15:52:50'), ('19', '1', 'admin/auth/users/create', 'GET', '127.0.0.1', '[]', '2018-02-11 15:52:50', '2018-02-11 15:52:50'), ('20', '1', 'admin/auth/users', 'POST', '127.0.0.1', '{\"username\":null,\"name\":null,\"email\":\"aaa@gmail.com\",\"password\":null,\"password_confirmation\":null,\"roles\":[null],\"permissions\":[null],\"_token\":\"0QCVApxNFLwpUM6db0nR1igdktLwJN5CUnZymGVW\"}', '2018-02-11 15:52:57', '2018-02-11 15:52:57'), ('21', '1', 'admin/auth/users/create', 'GET', '127.0.0.1', '[]', '2018-02-11 15:52:59', '2018-02-11 15:52:59'), ('22', '1', 'admin/auth/users/create', 'GET', '127.0.0.1', '[]', '2018-02-11 16:01:22', '2018-02-11 16:01:22'), ('23', '1', 'admin/auth/users', 'POST', '127.0.0.1', '{\"username\":null,\"name\":null,\"email\":\"aaa@gmail.com\",\"password\":null,\"password_confirmation\":null,\"roles\":[null],\"permissions\":[null],\"_token\":\"0QCVApxNFLwpUM6db0nR1igdktLwJN5CUnZymGVW\"}', '2018-02-11 16:01:29', '2018-02-11 16:01:29'), ('24', '1', 'admin/auth/users/create', 'GET', '127.0.0.1', '[]', '2018-02-11 16:01:31', '2018-02-11 16:01:31'), ('25', '1', 'admin/auth/users/create', 'GET', '127.0.0.1', '[]', '2018-02-11 16:21:48', '2018-02-11 16:21:48'), ('26', '1', 'admin/auth/users', 'POST', '127.0.0.1', '{\"username\":null,\"name\":null,\"email\":\"asjkdha@kjsahd.com\",\"password\":null,\"password_confirmation\":null,\"roles\":[null],\"permissions\":[null],\"_token\":\"0QCVApxNFLwpUM6db0nR1igdktLwJN5CUnZymGVW\"}', '2018-02-11 16:21:56', '2018-02-11 16:21:56'), ('27', '1', 'admin/auth/users/create', 'GET', '127.0.0.1', '[]', '2018-02-11 16:21:56', '2018-02-11 16:21:56'), ('28', '1', 'admin/auth/users', 'POST', '127.0.0.1', '{\"username\":\"uytpvgt60819\",\"name\":\"David Chen\",\"email\":\"uytpvgt60819@fpt.edu.vn\",\"password\":\"123456\",\"password_confirmation\":\"123456\",\"roles\":[null],\"permissions\":[null],\"_token\":\"0QCVApxNFLwpUM6db0nR1igdktLwJN5CUnZymGVW\"}', '2018-02-11 16:22:41', '2018-02-11 16:22:41'), ('29', '1', 'admin/auth/users', 'GET', '127.0.0.1', '[]', '2018-02-11 16:22:42', '2018-02-11 16:22:42'), ('30', '1', 'admin/auth/users/create', 'GET', '127.0.0.1', '{\"_pjax\":\"#pjax-container\"}', '2018-02-11 16:23:53', '2018-02-11 16:23:53'), ('31', '1', 'admin/auth/users', 'POST', '127.0.0.1', '{\"username\":\"mannlmmgt60820\",\"name\":\"Robeto Carlos\",\"email\":\"mannlmmgt60820@fpt.edu.vn\",\"password\":\"123456\",\"password_confirmation\":\"123456\",\"roles\":[null],\"permissions\":[null],\"_token\":\"0QCVApxNFLwpUM6db0nR1igdktLwJN5CUnZymGVW\",\"_previous_\":\"http:\\/\\/localhost:8000\\/admin\\/auth\\/users\"}', '2018-02-11 16:24:54', '2018-02-11 16:24:54'), ('32', '1', 'admin/auth/users', 'GET', '127.0.0.1', '[]', '2018-02-11 16:24:55', '2018-02-11 16:24:55'), ('33', '1', 'admin/auth/users/create', 'GET', '127.0.0.1', '{\"_pjax\":\"#pjax-container\"}', '2018-02-11 16:24:59', '2018-02-11 16:24:59'), ('34', '1', 'admin/auth/users', 'POST', '127.0.0.1', '{\"username\":\"uytpvgt60819\",\"name\":\"Michael Jackson\",\"email\":\"mannlmmgt60820@fpt.edu.vn\",\"password\":\"123456\",\"password_confirmation\":\"123456\",\"roles\":[null],\"permissions\":[null],\"_token\":\"0QCVApxNFLwpUM6db0nR1igdktLwJN5CUnZymGVW\",\"_previous_\":\"http:\\/\\/localhost:8000\\/admin\\/auth\\/users\"}', '2018-02-11 16:25:25', '2018-02-11 16:25:25'), ('35', '1', 'admin/auth/users/create', 'GET', '127.0.0.1', '[]', '2018-02-11 16:25:28', '2018-02-11 16:25:28'), ('36', '1', 'admin/auth/users', 'POST', '127.0.0.1', '{\"username\":\"anhvhgt60821\",\"name\":\"Michael Jackson\",\"email\":\"mannlmmgt60820@fpt.edu.vn\",\"password\":\"123456\",\"password_confirmation\":\"123456\",\"roles\":[null],\"permissions\":[null],\"_token\":\"0QCVApxNFLwpUM6db0nR1igdktLwJN5CUnZymGVW\"}', '2018-02-11 16:25:55', '2018-02-11 16:25:55'), ('37', '1', 'admin/auth/users/create', 'GET', '127.0.0.1', '[]', '2018-02-11 16:25:58', '2018-02-11 16:25:58'), ('38', '1', 'admin/auth/users', 'POST', '127.0.0.1', '{\"username\":\"anhvhgt60821\",\"name\":\"Michael Jackson\",\"email\":\"anhvhgt60821@fpt.edu.vn\",\"password\":\"123456\",\"password_confirmation\":\"123456\",\"roles\":[null],\"permissions\":[null],\"_token\":\"0QCVApxNFLwpUM6db0nR1igdktLwJN5CUnZymGVW\"}', '2018-02-11 16:26:17', '2018-02-11 16:26:17'), ('39', '1', 'admin/auth/users', 'GET', '127.0.0.1', '[]', '2018-02-11 16:26:18', '2018-02-11 16:26:18'), ('40', '1', 'admin/auth/roles', 'GET', '127.0.0.1', '{\"_pjax\":\"#pjax-container\"}', '2018-02-11 16:26:38', '2018-02-11 16:26:38'), ('41', '1', 'admin/auth/roles/create', 'GET', '127.0.0.1', '{\"_pjax\":\"#pjax-container\"}', '2018-02-11 16:26:42', '2018-02-11 16:26:42'), ('42', '1', 'admin/auth/roles', 'POST', '127.0.0.1', '{\"slug\":\"student\",\"name\":\"Student\",\"permissions\":[null],\"_token\":\"0QCVApxNFLwpUM6db0nR1igdktLwJN5CUnZymGVW\",\"_previous_\":\"http:\\/\\/localhost:8000\\/admin\\/auth\\/roles\"}', '2018-02-11 16:27:06', '2018-02-11 16:27:06'), ('43', '1', 'admin/auth/roles', 'GET', '127.0.0.1', '[]', '2018-02-11 16:27:07', '2018-02-11 16:27:07'), ('44', '1', 'admin/auth/users', 'GET', '127.0.0.1', '{\"_pjax\":\"#pjax-container\"}', '2018-02-11 16:27:18', '2018-02-11 16:27:18'), ('45', '1', 'admin/auth/users/2/edit', 'GET', '127.0.0.1', '{\"_pjax\":\"#pjax-container\"}', '2018-02-11 16:27:23', '2018-02-11 16:27:23'), ('46', '1', 'admin/auth/users/2', 'PUT', '127.0.0.1', '{\"username\":\"uytpvgt60819\",\"name\":\"David Chen\",\"email\":\"uytpvgt60819@fpt.edu.vn\",\"password\":\"$2y$10$w0kFDdCEuh53SOnpY7.ULehEnAFT2P1f0PO0JkuDGtoV.38vpDrSK\",\"password_confirmation\":\"$2y$10$w0kFDdCEuh53SOnpY7.ULehEnAFT2P1f0PO0JkuDGtoV.38vpDrSK\",\"roles\":[\"2\",null],\"permissions\":[null],\"_token\":\"0QCVApxNFLwpUM6db0nR1igdktLwJN5CUnZymGVW\",\"_method\":\"PUT\",\"_previous_\":\"http:\\/\\/localhost:8000\\/admin\\/auth\\/users\"}', '2018-02-11 16:27:29', '2018-02-11 16:27:29'), ('47', '1', 'admin/auth/users', 'GET', '127.0.0.1', '[]', '2018-02-11 16:27:30', '2018-02-11 16:27:30'), ('48', '1', 'admin/auth/logout', 'GET', '127.0.0.1', '{\"_pjax\":\"#pjax-container\"}', '2018-02-11 16:27:38', '2018-02-11 16:27:38'), ('49', '2', 'admin', 'GET', '127.0.0.1', '[]', '2018-02-11 16:27:47', '2018-02-11 16:27:47'), ('50', '2', 'admin', 'GET', '127.0.0.1', '{\"_pjax\":\"#pjax-container\"}', '2018-02-11 16:27:49', '2018-02-11 16:27:49'), ('51', '2', 'admin', 'GET', '127.0.0.1', '{\"_pjax\":\"#pjax-container\"}', '2018-02-11 16:27:50', '2018-02-11 16:27:50'), ('52', '2', 'admin', 'GET', '127.0.0.1', '{\"_pjax\":\"#pjax-container\"}', '2018-02-11 16:27:57', '2018-02-11 16:27:57'), ('53', '2', 'admin/auth/logout', 'GET', '127.0.0.1', '{\"_pjax\":\"#pjax-container\"}', '2018-02-11 16:28:07', '2018-02-11 16:28:07'), ('54', '2', 'admin/auth/logout', 'GET', '127.0.0.1', '{\"_pjax\":\"#pjax-container\"}', '2018-02-11 16:28:15', '2018-02-11 16:28:15'), ('55', '2', 'admin', 'GET', '127.0.0.1', '[]', '2018-02-11 16:28:21', '2018-02-11 16:28:21'), ('56', '1', 'admin', 'GET', '127.0.0.1', '[]', '2018-02-11 16:29:48', '2018-02-11 16:29:48'), ('57', '1', 'admin/auth/users', 'GET', '127.0.0.1', '{\"_pjax\":\"#pjax-container\"}', '2018-02-11 16:29:52', '2018-02-11 16:29:52'), ('58', '1', 'admin/auth/permissions', 'GET', '127.0.0.1', '{\"_pjax\":\"#pjax-container\"}', '2018-02-11 16:29:57', '2018-02-11 16:29:57'), ('59', '1', 'admin/auth/users', 'GET', '127.0.0.1', '{\"_pjax\":\"#pjax-container\"}', '2018-02-11 16:30:20', '2018-02-11 16:30:20'), ('60', '1', 'admin/auth/roles', 'GET', '127.0.0.1', '{\"_pjax\":\"#pjax-container\"}', '2018-02-11 16:30:27', '2018-02-11 16:30:27'), ('61', '1', 'admin/auth/roles/2/edit', 'GET', '127.0.0.1', '{\"_pjax\":\"#pjax-container\"}', '2018-02-11 16:30:31', '2018-02-11 16:30:31'), ('62', '1', 'admin/auth/roles/2', 'PUT', '127.0.0.1', '{\"slug\":\"student\",\"name\":\"Student\",\"permissions\":[\"2\",\"3\",null],\"_token\":\"tWSUCtHPtZjFLqh2ffOMFqsy7N8bFHoURyrcEWXl\",\"_method\":\"PUT\",\"_previous_\":\"http:\\/\\/localhost:8000\\/admin\\/auth\\/roles\"}', '2018-02-11 16:30:37', '2018-02-11 16:30:37'), ('63', '1', 'admin/auth/roles', 'GET', '127.0.0.1', '[]', '2018-02-11 16:30:38', '2018-02-11 16:30:38'), ('64', '1', 'admin/auth/logout', 'GET', '127.0.0.1', '{\"_pjax\":\"#pjax-container\"}', '2018-02-11 16:30:45', '2018-02-11 16:30:45'), ('65', '2', 'admin', 'GET', '127.0.0.1', '[]', '2018-02-11 16:30:54', '2018-02-11 16:30:54'), ('66', '2', 'admin', 'GET', '127.0.0.1', '{\"_pjax\":\"#pjax-container\"}', '2018-02-11 16:30:56', '2018-02-11 16:30:56'), ('67', '2', 'admin/auth/logout', 'GET', '127.0.0.1', '{\"_pjax\":\"#pjax-container\"}', '2018-02-11 16:31:03', '2018-02-11 16:31:03'), ('68', '1', 'admin', 'GET', '127.0.0.1', '[]', '2018-02-11 16:31:10', '2018-02-11 16:31:10'), ('69', '1', 'admin/auth/users', 'GET', '127.0.0.1', '{\"_pjax\":\"#pjax-container\"}', '2018-02-11 16:31:14', '2018-02-11 16:31:14'), ('70', '1', 'admin/auth/users/3/edit', 'GET', '127.0.0.1', '{\"_pjax\":\"#pjax-container\"}', '2018-02-11 16:31:25', '2018-02-11 16:31:25'), ('71', '1', 'admin/auth/roles', 'GET', '127.0.0.1', '{\"_pjax\":\"#pjax-container\"}', '2018-02-11 16:31:31', '2018-02-11 16:31:31'), ('72', '1', 'admin/auth/roles/create', 'GET', '127.0.0.1', '{\"_pjax\":\"#pjax-container\"}', '2018-02-11 16:31:34', '2018-02-11 16:31:34'), ('73', '1', 'admin/auth/roles', 'POST', '127.0.0.1', '{\"slug\":\"coordinator\",\"name\":\"Coordinator\",\"permissions\":[\"2\",\"3\",null],\"_token\":\"tWSUCtHPtZjFLqh2ffOMFqsy7N8bFHoURyrcEWXl\",\"_previous_\":\"http:\\/\\/localhost:8000\\/admin\\/auth\\/roles\"}', '2018-02-11 16:31:58', '2018-02-11 16:31:58'), ('74', '1', 'admin/auth/roles', 'GET', '127.0.0.1', '[]', '2018-02-11 16:31:59', '2018-02-11 16:31:59'), ('75', '1', 'admin/auth/roles/create', 'GET', '127.0.0.1', '{\"_pjax\":\"#pjax-container\"}', '2018-02-11 16:32:11', '2018-02-11 16:32:11'), ('76', '1', 'admin/auth/roles', 'POST', '127.0.0.1', '{\"slug\":\"manager\",\"name\":\"Manager\",\"permissions\":[\"2\",\"3\",null],\"_token\":\"tWSUCtHPtZjFLqh2ffOMFqsy7N8bFHoURyrcEWXl\",\"_previous_\":\"http:\\/\\/localhost:8000\\/admin\\/auth\\/roles\"}', '2018-02-11 16:32:38', '2018-02-11 16:32:38'), ('77', '1', 'admin/auth/roles', 'GET', '127.0.0.1', '[]', '2018-02-11 16:32:39', '2018-02-11 16:32:39'), ('78', '1', 'admin/auth/roles', 'GET', '127.0.0.1', '[]', '2018-02-11 16:33:22', '2018-02-11 16:33:22'), ('79', '1', 'admin/auth/menu', 'GET', '127.0.0.1', '{\"_pjax\":\"#pjax-container\"}', '2018-02-11 16:33:29', '2018-02-11 16:33:29'), ('80', '1', 'admin/auth/menu/1/edit', 'GET', '127.0.0.1', '{\"_pjax\":\"#pjax-container\"}', '2018-02-11 16:33:33', '2018-02-11 16:33:33'), ('81', '1', 'admin/auth/menu/1', 'PUT', '127.0.0.1', '{\"parent_id\":\"0\",\"title\":\"Home Page\",\"icon\":\"fa-bar-chart\",\"uri\":\"\\/\",\"roles\":[null],\"_token\":\"tWSUCtHPtZjFLqh2ffOMFqsy7N8bFHoURyrcEWXl\",\"_method\":\"PUT\",\"_previous_\":\"http:\\/\\/localhost:8000\\/admin\\/auth\\/menu\"}', '2018-02-11 16:33:42', '2018-02-11 16:33:42'), ('82', '1', 'admin/auth/menu', 'GET', '127.0.0.1', '[]', '2018-02-11 16:33:43', '2018-02-11 16:33:43'), ('83', '1', 'admin/auth/menu', 'GET', '127.0.0.1', '[]', '2018-02-11 16:33:47', '2018-02-11 16:33:47'), ('84', '1', 'admin/auth/users', 'GET', '127.0.0.1', '{\"_pjax\":\"#pjax-container\"}', '2018-02-11 16:33:52', '2018-02-11 16:33:52'), ('85', '1', 'admin/auth/users/3/edit', 'GET', '127.0.0.1', '{\"_pjax\":\"#pjax-container\"}', '2018-02-11 16:33:57', '2018-02-11 16:33:57'), ('86', '1', 'admin/auth/users/3', 'PUT', '127.0.0.1', '{\"username\":\"mannlmmgt60820\",\"name\":\"Robeto Carlos\",\"email\":\"mannlmmgt60820@fpt.edu.vn\",\"password\":\"$2y$10$l\\/0hZVWN2N0uobCaB0oElOcxtV7RtfdKzjOpNczhEMx03aik6A2j6\",\"password_confirmation\":\"$2y$10$l\\/0hZVWN2N0uobCaB0oElOcxtV7RtfdKzjOpNczhEMx03aik6A2j6\",\"roles\":[\"3\",null],\"permissions\":[null],\"_token\":\"tWSUCtHPtZjFLqh2ffOMFqsy7N8bFHoURyrcEWXl\",\"_method\":\"PUT\",\"_previous_\":\"http:\\/\\/localhost:8000\\/admin\\/auth\\/users\"}', '2018-02-11 16:34:04', '2018-02-11 16:34:04'), ('87', '1', 'admin/auth/users', 'GET', '127.0.0.1', '[]', '2018-02-11 16:34:05', '2018-02-11 16:34:05'), ('88', '1', 'admin/auth/users/6/edit', 'GET', '127.0.0.1', '{\"_pjax\":\"#pjax-container\"}', '2018-02-11 16:34:08', '2018-02-11 16:34:08'), ('89', '1', 'admin/auth/users/6', 'PUT', '127.0.0.1', '{\"username\":\"anhvhgt60821\",\"name\":\"Michael Jackson\",\"email\":\"anhvhgt60821@fpt.edu.vn\",\"password\":\"$2y$10$NE3DX5GEQErxqHKC0eZ0C.iCPL.LORnjbQpPZIMU1pu63UG.VN5s.\",\"password_confirmation\":\"$2y$10$NE3DX5GEQErxqHKC0eZ0C.iCPL.LORnjbQpPZIMU1pu63UG.VN5s.\",\"roles\":[\"4\",null],\"permissions\":[null],\"_token\":\"tWSUCtHPtZjFLqh2ffOMFqsy7N8bFHoURyrcEWXl\",\"_method\":\"PUT\",\"_previous_\":\"http:\\/\\/localhost:8000\\/admin\\/auth\\/users\"}', '2018-02-11 16:34:16', '2018-02-11 16:34:16'), ('90', '1', 'admin/auth/users', 'GET', '127.0.0.1', '[]', '2018-02-11 16:34:16', '2018-02-11 16:34:16'), ('91', '1', 'admin/auth/users/create', 'GET', '127.0.0.1', '{\"_pjax\":\"#pjax-container\"}', '2018-02-11 16:34:20', '2018-02-11 16:34:20'), ('92', '1', 'admin/auth/users', 'POST', '127.0.0.1', '{\"username\":\"yennhgt60822\",\"name\":\"Lara Croft\",\"email\":\"yennhgt60822@fpt.edu.vn\",\"password\":\"123456\",\"password_confirmation\":\"123456\",\"roles\":[\"2\",null],\"permissions\":[null],\"_token\":\"tWSUCtHPtZjFLqh2ffOMFqsy7N8bFHoURyrcEWXl\",\"_previous_\":\"http:\\/\\/localhost:8000\\/admin\\/auth\\/users\"}', '2018-02-11 16:35:00', '2018-02-11 16:35:00'), ('93', '1', 'admin/auth/users', 'GET', '127.0.0.1', '[]', '2018-02-11 16:35:01', '2018-02-11 16:35:01'), ('94', '1', 'admin/auth/users', 'GET', '127.0.0.1', '[]', '2018-02-11 16:35:34', '2018-02-11 16:35:34'), ('95', '1', 'admin/auth/users', 'GET', '127.0.0.1', '[]', '2018-02-11 16:36:23', '2018-02-11 16:36:23'), ('96', '1', 'admin', 'GET', '127.0.0.1', '[]', '2018-02-11 16:59:30', '2018-02-11 16:59:30'), ('97', '1', 'admin', 'GET', '127.0.0.1', '[]', '2018-02-12 06:05:44', '2018-02-12 06:05:44'), ('98', '1', 'admin/category', 'GET', '127.0.0.1', '[]', '2018-02-12 06:05:52', '2018-02-12 06:05:52'), ('99', '1', 'admin/category', 'GET', '127.0.0.1', '[]', '2018-02-12 06:06:47', '2018-02-12 06:06:47'), ('100', '1', 'admin/auth/users', 'GET', '127.0.0.1', '[]', '2018-02-12 08:52:54', '2018-02-12 08:52:54'), ('101', '1', 'admin/category', 'GET', '127.0.0.1', '[]', '2018-02-12 08:53:34', '2018-02-12 08:53:34'), ('102', '1', 'admin/category', 'GET', '127.0.0.1', '[]', '2018-02-12 08:54:51', '2018-02-12 08:54:51'), ('103', '1', 'admin/category/create', 'GET', '127.0.0.1', '{\"_pjax\":\"#pjax-container\"}', '2018-02-12 09:11:20', '2018-02-12 09:11:20'), ('104', '1', 'admin/category', 'POST', '127.0.0.1', '{\"category_name\":\"General\",\"_token\":\"AC24AxfZJvckXY0eK9iQuzMybbRT7svxcJGuQTJX\",\"_previous_\":\"http:\\/\\/localhost:8000\\/admin\\/category\"}', '2018-02-12 09:11:28', '2018-02-12 09:11:28'), ('105', '1', 'admin/category/create', 'GET', '127.0.0.1', '[]', '2018-02-12 09:11:28', '2018-02-12 09:11:28'), ('106', '1', 'admin/category/create', 'GET', '127.0.0.1', '[]', '2018-02-12 09:11:38', '2018-02-12 09:11:38'), ('107', '1', 'admin/category/create', 'GET', '127.0.0.1', '[]', '2018-02-12 09:17:28', '2018-02-12 09:17:28'), ('108', '1', 'admin/category/create', 'GET', '127.0.0.1', '[]', '2018-02-12 09:29:48', '2018-02-12 09:29:48'), ('109', '1', 'admin/category/create', 'GET', '127.0.0.1', '[]', '2018-02-12 09:29:58', '2018-02-12 09:29:58'), ('110', '1', 'admin/category', 'POST', '127.0.0.1', '{\"category_name\":null,\"user_id\":\"3\",\"_token\":\"AC24AxfZJvckXY0eK9iQuzMybbRT7svxcJGuQTJX\"}', '2018-02-12 09:30:24', '2018-02-12 09:30:24'), ('111', '1', 'admin/category/create', 'GET', '127.0.0.1', '[]', '2018-02-12 09:30:24', '2018-02-12 09:30:24'), ('112', '1', 'admin/auth/menu', 'GET', '127.0.0.1', '{\"_pjax\":\"#pjax-container\"}', '2018-02-12 09:38:37', '2018-02-12 09:38:37'), ('113', '1', 'admin/auth/permissions', 'GET', '127.0.0.1', '{\"_pjax\":\"#pjax-container\"}', '2018-02-12 09:38:43', '2018-02-12 09:38:43'), ('114', '1', 'admin/auth/permissions/create', 'GET', '127.0.0.1', '{\"_pjax\":\"#pjax-container\"}', '2018-02-12 09:38:53', '2018-02-12 09:38:53'), ('115', '1', 'admin/auth/permissions', 'GET', '127.0.0.1', '{\"_pjax\":\"#pjax-container\"}', '2018-02-12 09:39:19', '2018-02-12 09:39:19'), ('116', '1', 'admin/auth/permissions/create', 'GET', '127.0.0.1', '{\"_pjax\":\"#pjax-container\"}', '2018-02-12 09:39:31', '2018-02-12 09:39:31'), ('117', '1', 'admin/auth/permissions', 'POST', '127.0.0.1', '{\"slug\":\"category.management\",\"name\":\"Category Management\",\"http_method\":[null],\"http_path\":\"\\/category\",\"_token\":\"AC24AxfZJvckXY0eK9iQuzMybbRT7svxcJGuQTJX\",\"_previous_\":\"http:\\/\\/localhost:8000\\/admin\\/auth\\/permissions\"}', '2018-02-12 09:40:07', '2018-02-12 09:40:07'), ('118', '1', 'admin/auth/permissions', 'GET', '127.0.0.1', '[]', '2018-02-12 09:40:07', '2018-02-12 09:40:07'), ('119', '1', 'admin/auth/users', 'GET', '127.0.0.1', '{\"_pjax\":\"#pjax-container\"}', '2018-02-12 09:40:15', '2018-02-12 09:40:15'), ('120', '1', 'admin/auth/users/6/edit', 'GET', '127.0.0.1', '{\"_pjax\":\"#pjax-container\"}', '2018-02-12 09:40:24', '2018-02-12 09:40:24'), ('121', '1', 'admin/auth/roles', 'GET', '127.0.0.1', '{\"_pjax\":\"#pjax-container\"}', '2018-02-12 09:40:41', '2018-02-12 09:40:41'), ('122', '1', 'admin/auth/roles/4/edit', 'GET', '127.0.0.1', '{\"_pjax\":\"#pjax-container\"}', '2018-02-12 09:40:46', '2018-02-12 09:40:46'), ('123', '1', 'admin/auth/roles', 'GET', '127.0.0.1', '{\"_pjax\":\"#pjax-container\"}', '2018-02-12 09:41:13', '2018-02-12 09:41:13'), ('124', '1', 'admin/auth/roles/4/edit', 'GET', '127.0.0.1', '{\"_pjax\":\"#pjax-container\"}', '2018-02-12 09:41:17', '2018-02-12 09:41:17'), ('125', '1', 'admin/auth/roles/4', 'PUT', '127.0.0.1', '{\"slug\":\"manager\",\"name\":\"Manager\",\"permissions\":[\"6\",\"2\",\"3\",\"6\",null],\"_token\":\"AC24AxfZJvckXY0eK9iQuzMybbRT7svxcJGuQTJX\",\"_method\":\"PUT\",\"_previous_\":\"http:\\/\\/localhost:8000\\/admin\\/auth\\/roles\"}', '2018-02-12 09:41:37', '2018-02-12 09:41:37'), ('126', '1', 'admin/auth/roles', 'GET', '127.0.0.1', '[]', '2018-02-12 09:41:38', '2018-02-12 09:41:38'), ('127', '1', 'admin/auth/menu', 'GET', '127.0.0.1', '{\"_pjax\":\"#pjax-container\"}', '2018-02-12 09:41:55', '2018-02-12 09:41:55'), ('128', '1', 'admin/auth/menu', 'POST', '127.0.0.1', '{\"parent_id\":\"0\",\"title\":\"Category Management\",\"icon\":\"fa-folder-open\",\"uri\":\"\\/category\",\"roles\":[\"4\",null],\"_token\":\"AC24AxfZJvckXY0eK9iQuzMybbRT7svxcJGuQTJX\"}', '2018-02-12 09:42:43', '2018-02-12 09:42:43'), ('129', '1', 'admin/auth/menu', 'GET', '127.0.0.1', '[]', '2018-02-12 09:42:44', '2018-02-12 09:42:44'), ('130', '1', 'admin/auth/logout', 'GET', '127.0.0.1', '{\"_pjax\":\"#pjax-container\"}', '2018-02-12 09:42:52', '2018-02-12 09:42:52'), ('131', '6', 'admin', 'GET', '127.0.0.1', '[]', '2018-02-12 09:44:22', '2018-02-12 09:44:22'), ('132', '6', 'admin/category', 'GET', '127.0.0.1', '{\"_pjax\":\"#pjax-container\"}', '2018-02-12 09:44:28', '2018-02-12 09:44:28'), ('133', '6', 'admin/category/create', 'GET', '127.0.0.1', '{\"_pjax\":\"#pjax-container\"}', '2018-02-12 09:44:32', '2018-02-12 09:44:32'), ('134', '6', 'admin/category', 'GET', '127.0.0.1', '{\"_pjax\":\"#pjax-container\"}', '2018-02-12 09:44:34', '2018-02-12 09:44:34'), ('135', '6', 'admin/auth/logout', 'GET', '127.0.0.1', '{\"_pjax\":\"#pjax-container\"}', '2018-02-12 09:44:59', '2018-02-12 09:44:59'), ('136', '1', 'admin', 'GET', '127.0.0.1', '[]', '2018-02-12 09:45:05', '2018-02-12 09:45:05'), ('137', '1', 'admin/auth/permissions', 'GET', '127.0.0.1', '{\"_pjax\":\"#pjax-container\"}', '2018-02-12 09:45:10', '2018-02-12 09:45:10'), ('138', '1', 'admin/category', 'GET', '127.0.0.1', '{\"_pjax\":\"#pjax-container\"}', '2018-02-12 09:45:12', '2018-02-12 09:45:12'), ('139', '1', 'admin/category/create', 'GET', '127.0.0.1', '{\"_pjax\":\"#pjax-container\"}', '2018-02-12 09:45:15', '2018-02-12 09:45:15'), ('140', '1', 'admin/auth/permissions', 'GET', '127.0.0.1', '{\"_pjax\":\"#pjax-container\"}', '2018-02-12 09:45:19', '2018-02-12 09:45:19'), ('141', '1', 'admin/auth/permissions/6/edit', 'GET', '127.0.0.1', '{\"_pjax\":\"#pjax-container\"}', '2018-02-12 09:45:56', '2018-02-12 09:45:56'), ('142', '1', 'admin/auth/permissions/6', 'PUT', '127.0.0.1', '{\"slug\":\"category.management\",\"name\":\"Category Management\",\"http_method\":[null],\"http_path\":\"\\/category*\",\"_token\":\"AC24AxfZJvckXY0eK9iQuzMybbRT7svxcJGuQTJX\",\"_method\":\"PUT\",\"_previous_\":\"http:\\/\\/localhost:8000\\/admin\\/auth\\/permissions\"}', '2018-02-12 09:46:02', '2018-02-12 09:46:02'), ('143', '1', 'admin/auth/permissions', 'GET', '127.0.0.1', '[]', '2018-02-12 09:46:03', '2018-02-12 09:46:03'), ('144', '1', 'admin/auth/logout', 'GET', '127.0.0.1', '{\"_pjax\":\"#pjax-container\"}', '2018-02-12 09:46:08', '2018-02-12 09:46:08'), ('145', '6', 'admin', 'GET', '127.0.0.1', '[]', '2018-02-12 09:46:14', '2018-02-12 09:46:14'), ('146', '6', 'admin/category', 'GET', '127.0.0.1', '{\"_pjax\":\"#pjax-container\"}', '2018-02-12 09:46:17', '2018-02-12 09:46:17'), ('147', '6', 'admin/category/create', 'GET', '127.0.0.1', '{\"_pjax\":\"#pjax-container\"}', '2018-02-12 09:46:19', '2018-02-12 09:46:19'), ('148', '6', 'admin/auth/logout', 'GET', '127.0.0.1', '{\"_pjax\":\"#pjax-container\"}', '2018-02-12 09:46:24', '2018-02-12 09:46:24'), ('149', '6', 'admin', 'GET', '127.0.0.1', '[]', '2018-02-12 09:48:39', '2018-02-12 09:48:39'), ('150', '6', 'admin/category', 'GET', '127.0.0.1', '{\"_pjax\":\"#pjax-container\"}', '2018-02-12 09:48:42', '2018-02-12 09:48:42'), ('151', '6', 'admin/category/create', 'GET', '127.0.0.1', '{\"_pjax\":\"#pjax-container\"}', '2018-02-12 09:48:45', '2018-02-12 09:48:45'), ('152', '6', 'admin/category', 'POST', '127.0.0.1', '{\"category_name\":null,\"user_id\":null,\"_token\":\"AC24AxfZJvckXY0eK9iQuzMybbRT7svxcJGuQTJX\",\"_previous_\":\"http:\\/\\/localhost:8000\\/admin\\/category\"}', '2018-02-12 09:48:47', '2018-02-12 09:48:47'), ('153', '6', 'admin/category/create', 'GET', '127.0.0.1', '[]', '2018-02-12 09:48:48', '2018-02-12 09:48:48'), ('154', '6', 'admin/category', 'POST', '127.0.0.1', '{\"category_name\":\"Library\",\"user_id\":\"3\",\"_token\":\"AC24AxfZJvckXY0eK9iQuzMybbRT7svxcJGuQTJX\"}', '2018-02-12 09:49:07', '2018-02-12 09:49:07'), ('155', '6', 'admin/category', 'GET', '127.0.0.1', '[]', '2018-02-12 09:49:08', '2018-02-12 09:49:08'), ('156', '6', 'admin', 'GET', '127.0.0.1', '{\"_pjax\":\"#pjax-container\"}', '2018-02-12 10:53:49', '2018-02-12 10:53:49'), ('157', '6', 'admin/idea', 'GET', '127.0.0.1', '[]', '2018-02-12 11:14:51', '2018-02-12 11:14:51'), ('158', '6', 'admin/auth/logout', 'GET', '127.0.0.1', '{\"_pjax\":\"#pjax-container\"}', '2018-02-12 11:14:56', '2018-02-12 11:14:56'), ('159', '1', 'admin', 'GET', '127.0.0.1', '[]', '2018-02-12 11:15:03', '2018-02-12 11:15:03'), ('160', '1', 'admin/idea', 'GET', '127.0.0.1', '[]', '2018-02-12 11:15:08', '2018-02-12 11:15:08'), ('161', '1', 'admin/auth/users', 'GET', '127.0.0.1', '{\"_pjax\":\"#pjax-container\"}', '2018-02-12 11:28:43', '2018-02-12 11:28:43'), ('162', '1', 'admin/idea', 'GET', '127.0.0.1', '{\"_pjax\":\"#pjax-container\"}', '2018-02-12 11:33:08', '2018-02-12 11:33:08'), ('163', '1', 'admin/idea', 'GET', '127.0.0.1', '[]', '2018-02-12 11:33:10', '2018-02-12 11:33:10'), ('164', '1', 'admin/idea', 'GET', '127.0.0.1', '[]', '2018-02-12 11:37:38', '2018-02-12 11:37:38'), ('165', '1', 'admin/idea', 'GET', '127.0.0.1', '[]', '2018-02-12 11:38:03', '2018-02-12 11:38:03'), ('166', '1', 'admin/idea', 'GET', '127.0.0.1', '[]', '2018-02-12 11:38:42', '2018-02-12 11:38:42'), ('167', '1', 'admin/idea', 'GET', '127.0.0.1', '[]', '2018-02-12 11:45:16', '2018-02-12 11:45:16'), ('168', '1', 'admin/idea', 'GET', '127.0.0.1', '[]', '2018-02-12 11:47:22', '2018-02-12 11:47:22'), ('169', '1', 'admin/idea', 'GET', '127.0.0.1', '[]', '2018-02-12 11:47:36', '2018-02-12 11:47:36'), ('170', '1', 'admin/idea', 'GET', '127.0.0.1', '[]', '2018-02-12 11:49:12', '2018-02-12 11:49:12'), ('171', '1', 'admin/idea', 'GET', '127.0.0.1', '[]', '2018-02-12 11:49:55', '2018-02-12 11:49:55'), ('172', '1', 'admin/idea', 'GET', '127.0.0.1', '[]', '2018-02-12 11:50:25', '2018-02-12 11:50:25'), ('173', '1', 'admin/idea', 'GET', '127.0.0.1', '[]', '2018-02-12 11:50:41', '2018-02-12 11:50:41'), ('174', '1', 'admin/idea', 'GET', '127.0.0.1', '[]', '2018-02-12 11:51:51', '2018-02-12 11:51:51'), ('175', '1', 'admin/idea', 'GET', '127.0.0.1', '[]', '2018-02-12 11:52:02', '2018-02-12 11:52:02'), ('176', '1', 'admin/idea', 'GET', '127.0.0.1', '[]', '2018-02-12 11:52:09', '2018-02-12 11:52:09'), ('177', '1', 'admin/idea', 'GET', '127.0.0.1', '[]', '2018-02-12 11:52:29', '2018-02-12 11:52:29'), ('178', '1', 'admin/idea', 'GET', '127.0.0.1', '[]', '2018-02-12 11:52:42', '2018-02-12 11:52:42'), ('179', '1', 'admin/idea', 'GET', '127.0.0.1', '[]', '2018-02-12 11:53:27', '2018-02-12 11:53:27'), ('180', '1', 'admin/idea', 'GET', '127.0.0.1', '[]', '2018-02-12 11:53:45', '2018-02-12 11:53:45'), ('181', '1', 'admin/idea', 'GET', '127.0.0.1', '[]', '2018-02-12 11:54:04', '2018-02-12 11:54:04'), ('182', '1', 'admin/idea', 'GET', '127.0.0.1', '[]', '2018-02-12 11:54:40', '2018-02-12 11:54:40'), ('183', '1', 'admin/idea', 'GET', '127.0.0.1', '[]', '2018-02-12 11:55:10', '2018-02-12 11:55:10'), ('184', '1', 'admin/idea', 'GET', '127.0.0.1', '[]', '2018-02-12 12:02:01', '2018-02-12 12:02:01'), ('185', '1', 'admin/idea', 'GET', '127.0.0.1', '[]', '2018-02-12 12:03:37', '2018-02-12 12:03:37'), ('186', '1', 'admin/idea', 'GET', '127.0.0.1', '[]', '2018-02-12 12:13:11', '2018-02-12 12:13:11'), ('187', '1', 'admin/idea', 'GET', '127.0.0.1', '[]', '2018-02-12 12:16:13', '2018-02-12 12:16:13'), ('188', '1', 'admin/idea', 'GET', '127.0.0.1', '[]', '2018-02-12 12:16:58', '2018-02-12 12:16:58'), ('189', '1', 'admin/idea', 'GET', '127.0.0.1', '[]', '2018-02-12 12:17:54', '2018-02-12 12:17:54'), ('190', '1', 'admin/idea', 'GET', '127.0.0.1', '[]', '2018-02-12 12:18:27', '2018-02-12 12:18:27'), ('191', '1', 'admin/idea', 'GET', '127.0.0.1', '[]', '2018-02-12 12:18:45', '2018-02-12 12:18:45'), ('192', '1', 'admin/idea', 'GET', '127.0.0.1', '[]', '2018-02-12 12:19:07', '2018-02-12 12:19:07'), ('193', '1', 'admin/idea', 'GET', '127.0.0.1', '[]', '2018-02-12 12:19:22', '2018-02-12 12:19:22'), ('194', '1', 'admin/idea', 'GET', '127.0.0.1', '[]', '2018-02-12 12:20:00', '2018-02-12 12:20:00'), ('195', '1', 'admin/idea', 'GET', '127.0.0.1', '[]', '2018-02-12 12:22:08', '2018-02-12 12:22:08'), ('196', '1', 'admin/idea', 'GET', '127.0.0.1', '[]', '2018-02-12 12:22:33', '2018-02-12 12:22:33'), ('197', '1', 'admin/idea', 'GET', '127.0.0.1', '[]', '2018-02-12 12:23:02', '2018-02-12 12:23:02'), ('198', '1', 'admin/idea', 'GET', '127.0.0.1', '[]', '2018-02-12 12:25:18', '2018-02-12 12:25:18'), ('199', '1', 'admin/idea', 'GET', '127.0.0.1', '[]', '2018-02-12 12:26:04', '2018-02-12 12:26:04'), ('200', '1', 'admin/idea', 'GET', '127.0.0.1', '{\"per_page\":\"10\",\"_pjax\":\"#pjax-container\"}', '2018-02-12 12:28:18', '2018-02-12 12:28:18'), ('201', '1', 'admin/idea', 'GET', '127.0.0.1', '{\"per_page\":\"10\"}', '2018-02-12 12:29:04', '2018-02-12 12:29:04'), ('202', '1', 'admin/idea', 'GET', '127.0.0.1', '{\"per_page\":\"10\"}', '2018-02-12 12:29:24', '2018-02-12 12:29:24'), ('203', '1', 'admin/idea', 'GET', '127.0.0.1', '{\"per_page\":\"10\"}', '2018-02-12 12:32:48', '2018-02-12 12:32:48'), ('204', '1', 'admin/idea', 'GET', '127.0.0.1', '{\"per_page\":\"10\"}', '2018-02-12 12:33:21', '2018-02-12 12:33:21'), ('205', '1', 'admin/idea', 'GET', '127.0.0.1', '{\"per_page\":\"10\"}', '2018-02-12 12:35:18', '2018-02-12 12:35:18'), ('206', '1', 'admin/idea', 'GET', '127.0.0.1', '{\"per_page\":\"10\"}', '2018-02-12 13:08:31', '2018-02-12 13:08:31'), ('207', '1', 'admin/idea', 'GET', '127.0.0.1', '{\"per_page\":\"10\"}', '2018-02-12 13:08:44', '2018-02-12 13:08:44'), ('208', '1', 'admin/idea', 'GET', '127.0.0.1', '{\"per_page\":\"10\"}', '2018-02-12 13:08:52', '2018-02-12 13:08:52'), ('209', '1', 'admin/idea', 'GET', '127.0.0.1', '{\"per_page\":\"10\"}', '2018-02-12 13:09:16', '2018-02-12 13:09:16'), ('210', '1', 'admin/idea', 'GET', '127.0.0.1', '{\"per_page\":\"10\"}', '2018-02-12 13:09:42', '2018-02-12 13:09:42'), ('211', '1', 'admin/idea', 'GET', '127.0.0.1', '{\"per_page\":\"10\"}', '2018-02-12 13:09:46', '2018-02-12 13:09:46'), ('212', '1', 'admin/idea/create', 'GET', '127.0.0.1', '{\"_pjax\":\"#pjax-container\"}', '2018-02-12 13:13:38', '2018-02-12 13:13:38'), ('213', '1', 'admin/idea/create', 'GET', '127.0.0.1', '[]', '2018-02-12 13:16:09', '2018-02-12 13:16:09'), ('214', '1', 'admin/idea', 'POST', '127.0.0.1', '{\"content\":\"a\",\"_token\":\"AC24AxfZJvckXY0eK9iQuzMybbRT7svxcJGuQTJX\",\"_previous_\":\"http:\\/\\/localhost:8000\\/admin\\/idea?per_page=10\"}', '2018-02-12 13:16:17', '2018-02-12 13:16:17'), ('215', '1', 'admin/idea/create', 'GET', '127.0.0.1', '[]', '2018-02-12 13:16:18', '2018-02-12 13:16:18'), ('216', '1', 'admin/idea/create', 'GET', '127.0.0.1', '[]', '2018-02-12 13:22:54', '2018-02-12 13:22:54'), ('217', '1', 'admin/idea/create', 'GET', '127.0.0.1', '[]', '2018-02-12 13:24:08', '2018-02-12 13:24:08'), ('218', '1', 'admin/idea', 'GET', '127.0.0.1', '{\"_pjax\":\"#pjax-container\"}', '2018-02-12 13:24:20', '2018-02-12 13:24:20'), ('219', '1', 'admin/idea/create', 'GET', '127.0.0.1', '{\"_pjax\":\"#pjax-container\"}', '2018-02-12 13:25:18', '2018-02-12 13:25:18'), ('220', '1', 'admin/idea', 'GET', '127.0.0.1', '{\"_pjax\":\"#pjax-container\"}', '2018-02-12 13:26:33', '2018-02-12 13:26:33'), ('221', '1', 'admin/idea/1/edit', 'GET', '127.0.0.1', '{\"_pjax\":\"#pjax-container\"}', '2018-02-12 13:26:40', '2018-02-12 13:26:40'), ('222', '1', 'admin/idea/1/edit', 'GET', '127.0.0.1', '[]', '2018-02-12 13:27:38', '2018-02-12 13:27:38'), ('223', '1', 'admin/idea/1/edit', 'GET', '127.0.0.1', '[]', '2018-02-12 13:27:59', '2018-02-12 13:27:59'), ('224', '1', 'admin/idea', 'GET', '127.0.0.1', '{\"_pjax\":\"#pjax-container\"}', '2018-02-12 13:28:03', '2018-02-12 13:28:03'), ('225', '1', 'admin/idea/1/edit', 'GET', '127.0.0.1', '{\"_pjax\":\"#pjax-container\"}', '2018-02-12 13:28:08', '2018-02-12 13:28:08'), ('226', '1', 'admin/idea', 'GET', '127.0.0.1', '{\"_pjax\":\"#pjax-container\"}', '2018-02-12 13:28:10', '2018-02-12 13:28:10'), ('227', '1', 'admin/idea/2/edit', 'GET', '127.0.0.1', '{\"_pjax\":\"#pjax-container\"}', '2018-02-12 13:29:32', '2018-02-12 13:29:32'), ('228', '1', 'admin/idea', 'GET', '127.0.0.1', '{\"_pjax\":\"#pjax-container\"}', '2018-02-12 13:29:40', '2018-02-12 13:29:40'), ('229', '1', 'admin/idea/create', 'GET', '127.0.0.1', '{\"_pjax\":\"#pjax-container\"}', '2018-02-12 13:29:42', '2018-02-12 13:29:42'), ('230', '1', 'admin/idea', 'GET', '127.0.0.1', '{\"_pjax\":\"#pjax-container\"}', '2018-02-12 13:29:51', '2018-02-12 13:29:51'), ('231', '1', 'admin/idea/create', 'GET', '127.0.0.1', '{\"_pjax\":\"#pjax-container\"}', '2018-02-12 13:39:56', '2018-02-12 13:39:56'), ('232', '1', 'admin/idea/create', 'GET', '127.0.0.1', '[]', '2018-02-12 13:45:46', '2018-02-12 13:45:46'), ('233', '1', 'admin/idea/create', 'GET', '127.0.0.1', '[]', '2018-02-12 13:47:54', '2018-02-12 13:47:54'), ('234', '1', 'admin/idea', 'POST', '127.0.0.1', '{\"content\":null,\"agree\":[null],\"user_id\":\"1\",\"total_up\":\"0\",\"total_down\":\"0\",\"_token\":\"AC24AxfZJvckXY0eK9iQuzMybbRT7svxcJGuQTJX\"}', '2018-02-12 13:48:01', '2018-02-12 13:48:01'), ('235', '1', 'admin/idea/create', 'GET', '127.0.0.1', '[]', '2018-02-12 13:48:01', '2018-02-12 13:48:01'), ('236', '1', 'admin/idea/create', 'GET', '127.0.0.1', '[]', '2018-02-12 13:48:15', '2018-02-12 13:48:15'), ('237', '1', 'admin/idea', 'POST', '127.0.0.1', '{\"content\":null,\"user_id\":\"1\",\"total_up\":\"0\",\"total_down\":\"0\",\"_token\":\"AC24AxfZJvckXY0eK9iQuzMybbRT7svxcJGuQTJX\"}', '2018-02-12 13:48:19', '2018-02-12 13:48:19'), ('238', '1', 'admin/idea/create', 'GET', '127.0.0.1', '[]', '2018-02-12 13:48:19', '2018-02-12 13:48:19'), ('239', '1', 'admin/idea', 'POST', '127.0.0.1', '{\"content\":null,\"user_id\":\"1\",\"total_up\":\"0\",\"total_down\":\"0\",\"_token\":\"AC24AxfZJvckXY0eK9iQuzMybbRT7svxcJGuQTJX\"}', '2018-02-12 13:48:24', '2018-02-12 13:48:24'), ('240', '1', 'admin/idea/create', 'GET', '127.0.0.1', '[]', '2018-02-12 13:48:24', '2018-02-12 13:48:24'), ('241', '1', 'admin/idea/create', 'GET', '127.0.0.1', '[]', '2018-02-12 13:48:41', '2018-02-12 13:48:41'), ('242', '1', 'admin/idea/create', 'GET', '127.0.0.1', '[]', '2018-02-12 13:49:12', '2018-02-12 13:49:12'), ('243', '1', 'admin/idea', 'POST', '127.0.0.1', '{\"content\":null,\"agree\":[null],\"user_id\":\"1\",\"total_up\":\"0\",\"total_down\":\"0\",\"_token\":\"AC24AxfZJvckXY0eK9iQuzMybbRT7svxcJGuQTJX\"}', '2018-02-12 13:49:16', '2018-02-12 13:49:16'), ('244', '1', 'admin/idea/create', 'GET', '127.0.0.1', '[]', '2018-02-12 13:49:17', '2018-02-12 13:49:17'), ('245', '1', 'admin/idea', 'GET', '127.0.0.1', '{\"_pjax\":\"#pjax-container\"}', '2018-02-12 13:49:35', '2018-02-12 13:49:35'), ('246', '1', 'admin/idea/1/edit', 'GET', '127.0.0.1', '{\"_pjax\":\"#pjax-container\"}', '2018-02-12 13:49:38', '2018-02-12 13:49:38'), ('247', '1', 'admin/idea/1', 'PUT', '127.0.0.1', '{\"id\":\"1\",\"content\":\"This is the first idea\",\"agree\":[null],\"user_id\":\"2\",\"total_up\":\"0\",\"total_down\":\"0\",\"created_at\":\"2018-02-12 18:28:00\",\"updated_at\":\"2018-02-12 18:28:00\",\"_token\":\"AC24AxfZJvckXY0eK9iQuzMybbRT7svxcJGuQTJX\",\"_method\":\"PUT\",\"_previous_\":\"http:\\/\\/localhost:8000\\/admin\\/idea\"}', '2018-02-12 13:49:44', '2018-02-12 13:49:44'), ('248', '1', 'admin/idea/1/edit', 'GET', '127.0.0.1', '[]', '2018-02-12 13:49:45', '2018-02-12 13:49:45'), ('249', '1', 'admin/idea', 'GET', '127.0.0.1', '{\"_pjax\":\"#pjax-container\"}', '2018-02-12 13:49:53', '2018-02-12 13:49:53'), ('250', '1', 'admin/idea/create', 'GET', '127.0.0.1', '{\"_pjax\":\"#pjax-container\"}', '2018-02-12 13:52:49', '2018-02-12 13:52:49'), ('251', '1', 'admin/idea/create', 'GET', '127.0.0.1', '[]', '2018-02-12 13:53:12', '2018-02-12 13:53:12'), ('252', '1', 'admin/idea/create', 'GET', '127.0.0.1', '[]', '2018-02-12 13:53:31', '2018-02-12 13:53:31'), ('253', '1', 'admin/idea', 'POST', '127.0.0.1', '{\"content\":null,\"isAnonymous\":\"off\",\"Agreement\":[null],\"user_id\":\"1\",\"status\":\"-1\",\"total_up\":\"0\",\"total_down\":\"0\",\"_token\":\"AC24AxfZJvckXY0eK9iQuzMybbRT7svxcJGuQTJX\"}', '2018-02-12 13:54:09', '2018-02-12 13:54:09'), ('254', '1', 'admin/idea/create', 'GET', '127.0.0.1', '[]', '2018-02-12 13:54:10', '2018-02-12 13:54:10'), ('255', '1', 'admin/idea/create', 'GET', '127.0.0.1', '[]', '2018-02-12 14:02:07', '2018-02-12 14:02:07'), ('256', '1', 'admin/idea/create', 'GET', '127.0.0.1', '[]', '2018-02-12 14:03:44', '2018-02-12 14:03:44'), ('257', '1', 'admin/idea/create', 'GET', '127.0.0.1', '[]', '2018-02-12 14:07:16', '2018-02-12 14:07:16'), ('258', '1', 'admin/idea/create', 'GET', '127.0.0.1', '[]', '2018-02-12 14:08:06', '2018-02-12 14:08:06'), ('259', '1', 'admin/idea/create', 'GET', '127.0.0.1', '[]', '2018-02-12 14:13:48', '2018-02-12 14:13:48'), ('260', '1', 'admin/idea/create', 'GET', '127.0.0.1', '[]', '2018-02-12 14:15:09', '2018-02-12 14:15:09'), ('261', '1', 'admin/idea/create', 'GET', '127.0.0.1', '[]', '2018-02-12 14:15:46', '2018-02-12 14:15:46'), ('262', '1', 'admin/idea/create', 'GET', '127.0.0.1', '[]', '2018-02-12 14:16:19', '2018-02-12 14:16:19'), ('263', '1', 'admin/idea/create', 'GET', '127.0.0.1', '[]', '2018-02-12 14:16:30', '2018-02-12 14:16:30'), ('264', '1', 'admin/idea', 'GET', '127.0.0.1', '{\"_pjax\":\"#pjax-container\"}', '2018-02-12 14:22:34', '2018-02-12 14:22:34'), ('265', '1', 'admin/idea/create', 'GET', '127.0.0.1', '{\"_pjax\":\"#pjax-container\"}', '2018-02-12 14:22:53', '2018-02-12 14:22:53'), ('266', '1', 'admin/idea', 'POST', '127.0.0.1', '{\"content\":\"This is the fifth idea and this idea must have long enough at least 50 characters. If not, you can not post this idea. So, this idea has long enough now but it don\'t contain any meaning because I just explain the rules of idea posting  action. Finally, this is the best idea because it has long enough and it don\'t make sense.\",\"isAnonymous\":\"off\",\"Agreement\":[null],\"user_id\":\"1\",\"status\":\"-1\",\"total_up\":\"0\",\"total_down\":\"0\",\"_token\":\"AC24AxfZJvckXY0eK9iQuzMybbRT7svxcJGuQTJX\",\"_previous_\":\"http:\\/\\/localhost:8000\\/admin\\/idea\"}', '2018-02-12 14:27:26', '2018-02-12 14:27:26'), ('267', '1', 'admin/idea/create', 'GET', '127.0.0.1', '[]', '2018-02-12 14:27:27', '2018-02-12 14:27:27'), ('268', '1', 'admin/idea', 'POST', '127.0.0.1', '{\"content\":\"This is the fifth idea and this idea must have long enough at least 50 characters. If not, you can not post this idea. So, this idea has long enough now but it don\'t contain any meaning because I just explain the rules of idea posting  action. Finally, this is the best idea because it has long enough and it don\'t make sense.\",\"isAnonymous\":\"off\",\"Agreement\":[\"1\",null],\"user_id\":\"1\",\"status\":\"-1\",\"total_up\":\"0\",\"total_down\":\"0\",\"_token\":\"AC24AxfZJvckXY0eK9iQuzMybbRT7svxcJGuQTJX\"}', '2018-02-12 14:27:37', '2018-02-12 14:27:37'), ('269', '1', 'admin/idea/create', 'GET', '127.0.0.1', '[]', '2018-02-12 14:27:39', '2018-02-12 14:27:39'), ('270', '1', 'admin/idea/create', 'GET', '127.0.0.1', '[]', '2018-02-12 14:28:26', '2018-02-12 14:28:26'), ('271', '1', 'admin/idea', 'POST', '127.0.0.1', '{\"content\":\"This is the fifth idea and this idea must have long enough at least 50 characters. If not, you can not post this idea. So, this idea has long enough now but it don\'t contain any meaning because I just explain the rules of idea posting  action. Finally, this is the best idea because it has long enough and it don\'t make sense.\",\"isAnonymous\":\"off\",\"agree\":[null],\"user_id\":\"1\",\"status\":\"-1\",\"total_up\":\"0\",\"total_down\":\"0\",\"_token\":\"AC24AxfZJvckXY0eK9iQuzMybbRT7svxcJGuQTJX\"}', '2018-02-12 14:28:36', '2018-02-12 14:28:36'), ('272', '1', 'admin/idea/create', 'GET', '127.0.0.1', '[]', '2018-02-12 14:28:36', '2018-02-12 14:28:36'), ('273', '1', 'admin/idea', 'POST', '127.0.0.1', '{\"content\":\"This is the fifth idea and this idea must have long enough at least 50 characters. If not, you can not post this idea. So, this idea has long enough now but it don\'t contain any meaning because I just explain the rules of idea posting  action. Finally, this is the best idea because it has long enough and it don\'t make sense.\",\"isAnonymous\":\"off\",\"agree\":[\"1\",null],\"user_id\":\"1\",\"status\":\"-1\",\"total_up\":\"0\",\"total_down\":\"0\",\"_token\":\"AC24AxfZJvckXY0eK9iQuzMybbRT7svxcJGuQTJX\"}', '2018-02-12 14:28:40', '2018-02-12 14:28:40'), ('274', '1', 'admin/idea/create', 'GET', '127.0.0.1', '[]', '2018-02-12 14:28:41', '2018-02-12 14:28:41'), ('275', '1', 'admin/idea/create', 'GET', '127.0.0.1', '[]', '2018-02-12 14:32:12', '2018-02-12 14:32:12'), ('276', '1', 'admin/idea/create', 'GET', '127.0.0.1', '[]', '2018-02-12 14:32:26', '2018-02-12 14:32:26'), ('277', '1', 'admin/idea', 'POST', '127.0.0.1', '{\"category_id\":null,\"content\":\"This is the fifth idea and this idea must have long enough at least 50 characters. If not, you can not post this idea. So, this idea has long enough now but it don\'t contain any meaning because I just explain the rules of idea posting  action. Finally, this is the best idea because it has long enough and it don\'t make sense.\",\"isAnonymous\":\"off\",\"agree\":[null],\"user_id\":\"1\",\"status\":\"-1\",\"total_up\":\"0\",\"total_down\":\"0\",\"_token\":\"AC24AxfZJvckXY0eK9iQuzMybbRT7svxcJGuQTJX\"}', '2018-02-12 14:32:29', '2018-02-12 14:32:29'), ('278', '1', 'admin/idea/create', 'GET', '127.0.0.1', '[]', '2018-02-12 14:32:29', '2018-02-12 14:32:29'), ('279', '1', 'admin/idea', 'POST', '127.0.0.1', '{\"category_id\":\"2\",\"content\":\"This is the fifth idea and this idea must have long enough at least 50 characters. If not, you can not post this idea. So, this idea has long enough now but it don\'t contain any meaning because I just explain the rules of idea posting  action. Finally, this is the best idea because it has long enough and it don\'t make sense.\",\"isAnonymous\":\"off\",\"agree\":[null],\"user_id\":\"1\",\"status\":\"-1\",\"total_up\":\"0\",\"total_down\":\"0\",\"_token\":\"AC24AxfZJvckXY0eK9iQuzMybbRT7svxcJGuQTJX\"}', '2018-02-12 14:32:36', '2018-02-12 14:32:36'), ('280', '1', 'admin/idea/create', 'GET', '127.0.0.1', '[]', '2018-02-12 14:32:36', '2018-02-12 14:32:36'), ('281', '1', 'admin/idea', 'POST', '127.0.0.1', '{\"category_id\":\"2\",\"content\":\"This is the fifth idea and this idea must have long enough at least 50 characters. If not, you can not post this idea. So, this idea has long enough now but it don\'t contain any meaning because I just explain the rules of idea posting  action. Finally, this is the best idea because it has long enough and it don\'t make sense.\",\"isAnonymous\":\"off\",\"agree\":[\"1\",null],\"user_id\":\"1\",\"status\":\"-1\",\"total_up\":\"0\",\"total_down\":\"0\",\"_token\":\"AC24AxfZJvckXY0eK9iQuzMybbRT7svxcJGuQTJX\"}', '2018-02-12 14:32:41', '2018-02-12 14:32:41'), ('282', '1', 'admin/idea/create', 'GET', '127.0.0.1', '[]', '2018-02-12 14:32:42', '2018-02-12 14:32:42'), ('283', '1', 'admin/idea/create', 'GET', '127.0.0.1', '[]', '2018-02-12 14:33:13', '2018-02-12 14:33:13'), ('284', '1', 'admin/idea', 'POST', '127.0.0.1', '{\"cate_id\":\"2\",\"content\":\"This is the fifth idea and this idea must have long enough at least 50 characters. If not, you can not post this idea. So, this idea has long enough now but it don\'t contain any meaning because I just explain the rules of idea posting  action. Finally, this is the best idea because it has long enough and it don\'t make sense.\",\"isAnonymous\":\"off\",\"agree\":[\"1\",null],\"user_id\":\"1\",\"status\":\"-1\",\"total_up\":\"0\",\"total_down\":\"0\",\"_token\":\"AC24AxfZJvckXY0eK9iQuzMybbRT7svxcJGuQTJX\"}', '2018-02-12 14:33:21', '2018-02-12 14:33:21'), ('285', '1', 'admin/idea', 'GET', '127.0.0.1', '[]', '2018-02-12 14:33:22', '2018-02-12 14:33:22'), ('286', '1', 'admin/idea', 'GET', '127.0.0.1', '[]', '2018-02-12 14:37:24', '2018-02-12 14:37:24'), ('287', '1', 'admin/idea', 'GET', '127.0.0.1', '[]', '2018-02-12 14:37:32', '2018-02-12 14:37:32'), ('288', '1', 'admin/idea', 'GET', '127.0.0.1', '[]', '2018-02-12 14:37:43', '2018-02-12 14:37:43'), ('289', '1', 'admin/idea', 'GET', '127.0.0.1', '[]', '2018-02-12 14:39:53', '2018-02-12 14:39:53'), ('290', '1', 'admin/idea', 'GET', '127.0.0.1', '[]', '2018-02-12 14:40:05', '2018-02-12 14:40:05'), ('291', '1', 'admin/idea', 'GET', '127.0.0.1', '[]', '2018-02-12 14:40:20', '2018-02-12 14:40:20'), ('292', '1', 'admin/idea', 'GET', '127.0.0.1', '[]', '2018-02-13 01:33:32', '2018-02-13 01:33:32'), ('293', '1', 'admin/idea', 'GET', '127.0.0.1', '[]', '2018-02-13 01:33:51', '2018-02-13 01:33:51'), ('294', '1', 'admin/idea', 'GET', '127.0.0.1', '[]', '2018-02-13 01:34:02', '2018-02-13 01:34:02'), ('295', '1', 'admin', 'GET', '127.0.0.1', '{\"_pjax\":\"#pjax-container\"}', '2018-02-13 01:38:53', '2018-02-13 01:38:53'), ('296', '1', 'admin/idea', 'GET', '127.0.0.1', '{\"_pjax\":\"#pjax-container\"}', '2018-02-13 01:39:05', '2018-02-13 01:39:05'), ('297', '1', 'admin/idea', 'GET', '127.0.0.1', '[]', '2018-02-13 01:39:10', '2018-02-13 01:39:10'), ('298', '1', 'admin/idea', 'GET', '127.0.0.1', '[]', '2018-02-13 01:39:33', '2018-02-13 01:39:33'), ('299', '1', 'admin/idea', 'GET', '127.0.0.1', '[]', '2018-02-13 01:39:40', '2018-02-13 01:39:40'), ('300', '1', 'admin/idea', 'GET', '127.0.0.1', '[]', '2018-02-13 01:39:45', '2018-02-13 01:39:45'), ('301', '1', 'admin/idea', 'GET', '127.0.0.1', '[]', '2018-02-13 01:39:50', '2018-02-13 01:39:50'), ('302', '1', 'admin/idea', 'GET', '127.0.0.1', '[]', '2018-02-13 01:39:55', '2018-02-13 01:39:55'), ('303', '1', 'admin/idea', 'GET', '127.0.0.1', '[]', '2018-02-13 01:39:59', '2018-02-13 01:39:59'), ('304', '1', 'admin/idea', 'GET', '127.0.0.1', '[]', '2018-02-13 01:42:38', '2018-02-13 01:42:38'), ('305', '1', 'admin/idea', 'GET', '127.0.0.1', '[]', '2018-02-13 01:46:26', '2018-02-13 01:46:26'), ('306', '1', 'admin/idea', 'GET', '127.0.0.1', '[]', '2018-02-13 01:48:48', '2018-02-13 01:48:48'), ('307', '1', 'admin/comment', 'GET', '127.0.0.1', '{\"ideaId\":\"1\"}', '2018-02-13 02:04:30', '2018-02-13 02:04:30'), ('308', '1', 'admin/comment', 'GET', '127.0.0.1', '{\"ideaId\":\"1\"}', '2018-02-13 02:06:48', '2018-02-13 02:06:48'), ('309', '1', 'admin/comment', 'GET', '127.0.0.1', '{\"ideaId\":\"1\"}', '2018-02-13 02:06:59', '2018-02-13 02:06:59'), ('310', '1', 'admin/comment', 'GET', '127.0.0.1', '{\"ideaId\":\"1\"}', '2018-02-13 02:07:01', '2018-02-13 02:07:01'), ('311', '1', 'admin/comment', 'GET', '127.0.0.1', '{\"ideaId\":\"1\"}', '2018-02-13 02:07:02', '2018-02-13 02:07:02'), ('312', '1', 'admin/comment', 'GET', '127.0.0.1', '{\"ideaId\":\"1\"}', '2018-02-13 02:07:02', '2018-02-13 02:07:02'), ('313', '1', 'admin/comment', 'GET', '127.0.0.1', '{\"ideaId\":\"1\"}', '2018-02-13 04:24:20', '2018-02-13 04:24:20'), ('314', '1', 'admin/comment', 'GET', '127.0.0.1', '{\"ideaId\":\"1\"}', '2018-02-13 04:24:44', '2018-02-13 04:24:44'), ('315', '1', 'admin/comment', 'GET', '127.0.0.1', '{\"ideaId\":\"1\"}', '2018-02-13 04:27:12', '2018-02-13 04:27:12'), ('316', '1', 'admin/comment', 'GET', '127.0.0.1', '{\"ideaId\":\"1\"}', '2018-02-13 04:29:48', '2018-02-13 04:29:48'), ('317', '1', 'admin/comment', 'GET', '127.0.0.1', '{\"ideaId\":\"1\"}', '2018-02-13 04:50:47', '2018-02-13 04:50:47'), ('318', '1', 'admin/comment', 'GET', '127.0.0.1', '[]', '2018-02-13 04:50:52', '2018-02-13 04:50:52'), ('319', '1', 'admin/comment', 'GET', '127.0.0.1', '[]', '2018-02-13 04:51:24', '2018-02-13 04:51:24'), ('320', '1', 'admin/comment', 'GET', '127.0.0.1', '[]', '2018-02-13 04:51:32', '2018-02-13 04:51:32'), ('321', '1', 'admin/comment', 'GET', '127.0.0.1', '[]', '2018-02-13 04:51:50', '2018-02-13 04:51:50'), ('322', '1', 'admin/comment', 'GET', '127.0.0.1', '[]', '2018-02-13 04:51:58', '2018-02-13 04:51:58'), ('323', '1', 'admin/comment', 'GET', '127.0.0.1', '[]', '2018-02-13 04:52:09', '2018-02-13 04:52:09'), ('324', '1', 'admin/comment', 'GET', '127.0.0.1', '[]', '2018-02-13 04:53:27', '2018-02-13 04:53:27'), ('325', '1', 'admin/comment', 'GET', '127.0.0.1', '[]', '2018-02-13 04:53:44', '2018-02-13 04:53:44'), ('326', '1', 'admin/comment', 'GET', '127.0.0.1', '[]', '2018-02-13 04:54:07', '2018-02-13 04:54:07'), ('327', '1', 'admin/comment', 'GET', '127.0.0.1', '[]', '2018-02-13 04:54:21', '2018-02-13 04:54:21'), ('328', '1', 'admin/comment', 'GET', '127.0.0.1', '[]', '2018-02-13 04:55:16', '2018-02-13 04:55:16'), ('329', '1', 'admin/comment', 'GET', '127.0.0.1', '[]', '2018-02-13 04:55:43', '2018-02-13 04:55:43'), ('330', '1', 'admin/comment', 'GET', '127.0.0.1', '[]', '2018-02-13 04:55:50', '2018-02-13 04:55:50'), ('331', '1', 'admin/comment', 'GET', '127.0.0.1', '[]', '2018-02-13 04:56:05', '2018-02-13 04:56:05'), ('332', '1', 'admin/comment', 'GET', '127.0.0.1', '[]', '2018-02-13 04:56:06', '2018-02-13 04:56:06'), ('333', '1', 'admin/comment', 'GET', '127.0.0.1', '[]', '2018-02-13 04:56:07', '2018-02-13 04:56:07'), ('334', '1', 'admin/comment', 'GET', '127.0.0.1', '[]', '2018-02-13 04:56:07', '2018-02-13 04:56:07'), ('335', '1', 'admin/comment', 'GET', '127.0.0.1', '[]', '2018-02-13 04:56:08', '2018-02-13 04:56:08'), ('336', '1', 'admin/comment', 'GET', '127.0.0.1', '[]', '2018-02-13 04:56:27', '2018-02-13 04:56:27'), ('337', '1', 'admin/idea', 'GET', '127.0.0.1', '[]', '2018-02-13 04:57:34', '2018-02-13 04:57:34'), ('338', '1', 'admin/idea', 'GET', '127.0.0.1', '[]', '2018-02-13 05:23:39', '2018-02-13 05:23:39'), ('339', '1', 'admin/idea', 'GET', '127.0.0.1', '[]', '2018-02-13 05:23:47', '2018-02-13 05:23:47'), ('340', '1', 'admin/idea', 'GET', '127.0.0.1', '[]', '2018-02-13 05:36:37', '2018-02-13 05:36:37'), ('341', '1', 'admin/idea', 'GET', '127.0.0.1', '[]', '2018-02-13 05:37:18', '2018-02-13 05:37:18'), ('342', '1', 'admin/idea', 'GET', '127.0.0.1', '[]', '2018-02-13 05:38:29', '2018-02-13 05:38:29'), ('343', '1', 'admin/comment/create', 'GET', '127.0.0.1', '{\"ideadId\":\"1\",\"_pjax\":\"#pjax-container\"}', '2018-02-13 05:38:33', '2018-02-13 05:38:33'), ('344', '1', 'admin/idea', 'GET', '127.0.0.1', '{\"_pjax\":\"#pjax-container\"}', '2018-02-13 05:38:36', '2018-02-13 05:38:36'), ('345', '1', 'admin/idea', 'GET', '127.0.0.1', '[]', '2018-02-13 05:39:04', '2018-02-13 05:39:04'), ('346', '1', 'admin/idea', 'GET', '127.0.0.1', '[]', '2018-02-13 05:39:42', '2018-02-13 05:39:42'), ('347', '1', 'admin/idea', 'GET', '127.0.0.1', '[]', '2018-02-13 05:40:07', '2018-02-13 05:40:07'), ('348', '1', 'admin/comment', 'GET', '127.0.0.1', '{\"ideadId\":\"1\",\"_pjax\":\"#pjax-container\"}', '2018-02-13 05:40:11', '2018-02-13 05:40:11'), ('349', '1', 'admin/comment', 'GET', '127.0.0.1', '{\"ideadId\":\"1\"}', '2018-02-13 05:40:12', '2018-02-13 05:40:12'), ('350', '1', 'admin/comment', 'GET', '127.0.0.1', '{\"ideaId\":\"1\"}', '2018-02-13 05:40:22', '2018-02-13 05:40:22'), ('351', '1', 'admin/comment', 'GET', '127.0.0.1', '{\"ideadId\":\"1\",\"_pjax\":\"#pjax-container\"}', '2018-02-13 05:40:39', '2018-02-13 05:40:39'), ('352', '1', 'admin/comment', 'GET', '127.0.0.1', '{\"ideadId\":\"1\"}', '2018-02-13 05:40:40', '2018-02-13 05:40:40'), ('353', '1', 'admin/idea', 'GET', '127.0.0.1', '[]', '2018-02-13 05:40:44', '2018-02-13 05:40:44'), ('354', '1', 'admin/idea', 'GET', '127.0.0.1', '[]', '2018-02-13 05:40:45', '2018-02-13 05:40:45'), ('355', '1', 'admin/idea', 'GET', '127.0.0.1', '[]', '2018-02-13 05:40:45', '2018-02-13 05:40:45'), ('356', '1', 'admin/comment', 'GET', '127.0.0.1', '{\"ideaId\":\"1\",\"_pjax\":\"#pjax-container\"}', '2018-02-13 05:40:48', '2018-02-13 05:40:48'), ('357', '1', 'admin/comment/create', 'GET', '127.0.0.1', '{\"_pjax\":\"#pjax-container\"}', '2018-02-13 05:45:40', '2018-02-13 05:45:40'), ('358', '1', 'admin/comment', 'GET', '127.0.0.1', '{\"ideaId\":\"1\",\"_pjax\":\"#pjax-container\"}', '2018-02-13 05:46:19', '2018-02-13 05:46:19'), ('359', '1', 'admin/idea', 'GET', '127.0.0.1', '{\"_pjax\":\"#pjax-container\"}', '2018-02-13 05:46:22', '2018-02-13 05:46:22'), ('360', '1', 'admin/idea', 'GET', '127.0.0.1', '[]', '2018-02-13 05:46:26', '2018-02-13 05:46:26'), ('361', '1', 'admin/comment', 'GET', '127.0.0.1', '{\"ideaId\":\"1\",\"_pjax\":\"#pjax-container\"}', '2018-02-13 05:58:57', '2018-02-13 05:58:57'), ('362', '1', 'admin/idea', 'GET', '127.0.0.1', '{\"_pjax\":\"#pjax-container\"}', '2018-02-13 06:02:52', '2018-02-13 06:02:52'), ('363', '1', 'admin/idea', 'GET', '127.0.0.1', '[]', '2018-02-13 06:03:06', '2018-02-13 06:03:06'), ('364', '1', 'admin/comment', 'GET', '127.0.0.1', '{\"ideaId\":\"1\",\"_pjax\":\"#pjax-container\"}', '2018-02-13 06:03:15', '2018-02-13 06:03:15'), ('365', '1', 'admin/comment', 'GET', '127.0.0.1', '{\"ideaId\":\"1\"}', '2018-02-13 06:03:21', '2018-02-13 06:03:21'), ('366', '1', 'admin/idea', 'GET', '127.0.0.1', '{\"_pjax\":\"#pjax-container\"}', '2018-02-13 06:04:32', '2018-02-13 06:04:32'), ('367', '1', 'admin/idea', 'GET', '127.0.0.1', '[]', '2018-02-13 06:05:23', '2018-02-13 06:05:23'), ('368', '1', 'admin/idea', 'GET', '127.0.0.1', '[]', '2018-02-13 06:06:45', '2018-02-13 06:06:45'), ('369', '1', 'admin/idea', 'GET', '127.0.0.1', '{\"_pjax\":\"#pjax-container\"}', '2018-02-13 06:06:56', '2018-02-13 06:06:56'), ('370', '1', 'admin/idea', 'GET', '127.0.0.1', '[]', '2018-02-13 06:07:28', '2018-02-13 06:07:28'), ('371', '1', 'admin/idea', 'GET', '127.0.0.1', '[]', '2018-02-13 06:08:37', '2018-02-13 06:08:37'), ('372', '1', 'admin/idea', 'GET', '127.0.0.1', '[]', '2018-02-13 06:09:15', '2018-02-13 06:09:15'), ('373', '1', 'admin/idea', 'GET', '127.0.0.1', '[]', '2018-02-13 06:09:41', '2018-02-13 06:09:41'), ('374', '1', 'admin/idea', 'GET', '127.0.0.1', '[]', '2018-02-13 06:10:56', '2018-02-13 06:10:56'), ('375', '1', 'admin/comment/create', 'GET', '127.0.0.1', '{\"ideadId\":\"1\",\"_pjax\":\"#pjax-container\"}', '2018-02-13 06:12:00', '2018-02-13 06:12:00'), ('376', '1', 'admin/idea', 'GET', '127.0.0.1', '{\"_pjax\":\"#pjax-container\"}', '2018-02-13 06:12:03', '2018-02-13 06:12:03'), ('377', '1', 'admin/comment/create', 'GET', '127.0.0.1', '{\"ideadId\":\"1\",\"_pjax\":\"#pjax-container\"}', '2018-02-13 06:12:08', '2018-02-13 06:12:08'), ('378', '1', 'admin/comment', 'GET', '127.0.0.1', '{\"_pjax\":\"#pjax-container\"}', '2018-02-13 06:12:11', '2018-02-13 06:12:11'), ('379', '1', 'admin/comment', 'GET', '127.0.0.1', '[]', '2018-02-13 06:12:12', '2018-02-13 06:12:12'), ('380', '1', 'admin/comment/create', 'GET', '127.0.0.1', '{\"ideadId\":\"1\"}', '2018-02-13 06:12:15', '2018-02-13 06:12:15'), ('381', '1', 'admin/idea', 'GET', '127.0.0.1', '{\"_pjax\":\"#pjax-container\"}', '2018-02-13 06:12:19', '2018-02-13 06:12:19'), ('382', '1', 'admin/comment/create', 'GET', '127.0.0.1', '{\"ideadId\":\"1\",\"_pjax\":\"#pjax-container\"}', '2018-02-13 06:12:22', '2018-02-13 06:12:22'), ('383', '1', 'admin/comment', 'GET', '127.0.0.1', '{\"_pjax\":\"#pjax-container\"}', '2018-02-13 06:12:27', '2018-02-13 06:12:27'), ('384', '1', 'admin/comment', 'GET', '127.0.0.1', '[]', '2018-02-13 06:12:27', '2018-02-13 06:12:27'), ('385', '1', 'admin/idea', 'GET', '127.0.0.1', '{\"_pjax\":\"#pjax-container\"}', '2018-02-13 06:12:33', '2018-02-13 06:12:33'), ('386', '1', 'admin/comment/create', 'GET', '127.0.0.1', '{\"ideadId\":\"1\"}', '2018-02-13 08:17:48', '2018-02-13 08:17:48'), ('387', '1', 'admin/idea', 'GET', '127.0.0.1', '[]', '2018-02-13 08:19:50', '2018-02-13 08:19:50'), ('388', '1', 'admin/comment/create', 'GET', '127.0.0.1', '{\"ideaId\":\"1\",\"_pjax\":\"#pjax-container\"}', '2018-02-13 08:19:56', '2018-02-13 08:19:56'), ('389', '1', 'admin/idea', 'GET', '127.0.0.1', '{\"_pjax\":\"#pjax-container\"}', '2018-02-13 08:19:58', '2018-02-13 08:19:58'), ('390', '1', 'admin/comment', 'GET', '127.0.0.1', '{\"ideaId\":\"1\",\"_pjax\":\"#pjax-container\"}', '2018-02-13 08:20:01', '2018-02-13 08:20:01'), ('391', '1', 'admin/comment/create', 'GET', '127.0.0.1', '{\"_pjax\":\"#pjax-container\"}', '2018-02-13 08:20:03', '2018-02-13 08:20:03'), ('392', '1', 'admin/comment', 'GET', '127.0.0.1', '{\"ideaId\":\"1\",\"_pjax\":\"#pjax-container\"}', '2018-02-13 08:20:05', '2018-02-13 08:20:05'), ('393', '1', 'admin/comment', 'GET', '127.0.0.1', '{\"ideaId\":\"1\"}', '2018-02-13 08:20:24', '2018-02-13 08:20:24'), ('394', '1', 'admin/comment', 'GET', '127.0.0.1', '{\"ideaId\":\"1\"}', '2018-02-13 08:20:25', '2018-02-13 08:20:25'), ('395', '1', 'admin/comment', 'GET', '127.0.0.1', '{\"ideaId\":\"1\"}', '2018-02-13 08:20:25', '2018-02-13 08:20:25'), ('396', '1', 'admin/idea', 'GET', '127.0.0.1', '{\"_pjax\":\"#pjax-container\"}', '2018-02-13 08:20:28', '2018-02-13 08:20:28'), ('397', '1', 'admin/auth/login', 'GET', '127.0.0.1', '[]', '2018-02-13 08:20:30', '2018-02-13 08:20:30'), ('398', '1', 'admin/idea', 'GET', '127.0.0.1', '[]', '2018-02-13 08:20:36', '2018-02-13 08:20:36'), ('399', '1', 'admin/comment/create', 'GET', '127.0.0.1', '{\"ideaId\":\"1\",\"_pjax\":\"#pjax-container\"}', '2018-02-13 08:20:44', '2018-02-13 08:20:44');
COMMIT;

-- ----------------------------
--  Table structure for `admin_permissions`
-- ----------------------------
DROP TABLE IF EXISTS `admin_permissions`;
CREATE TABLE `admin_permissions` (
  `id` int(10) unsigned NOT NULL AUTO_INCREMENT,
  `name` varchar(50) COLLATE utf8mb4_unicode_ci NOT NULL,
  `slug` varchar(50) COLLATE utf8mb4_unicode_ci NOT NULL,
  `http_method` varchar(255) COLLATE utf8mb4_unicode_ci DEFAULT NULL,
  `http_path` text COLLATE utf8mb4_unicode_ci,
  `created_at` timestamp NULL DEFAULT NULL,
  `updated_at` timestamp NULL DEFAULT NULL,
  PRIMARY KEY (`id`),
  UNIQUE KEY `admin_permissions_name_unique` (`name`)
) ENGINE=InnoDB AUTO_INCREMENT=7 DEFAULT CHARSET=utf8mb4 COLLATE=utf8mb4_unicode_ci;

-- ----------------------------
--  Records of `admin_permissions`
-- ----------------------------
BEGIN;
INSERT INTO `admin_permissions` VALUES ('1', 'All permission', '*', '', '*', null, null), ('2', 'Dashboard', 'dashboard', 'GET', '/', null, null), ('3', 'Login', 'auth.login', '', '/auth/login\r\n/auth/logout', null, null), ('4', 'User setting', 'auth.setting', 'GET,PUT', '/auth/setting', null, null), ('5', 'Auth management', 'auth.management', '', '/auth/roles\r\n/auth/permissions\r\n/auth/menu\r\n/auth/logs', null, null), ('6', 'Category Management', 'category.management', '', '/category*', '2018-02-12 09:40:07', '2018-02-12 09:46:03');
COMMIT;

-- ----------------------------
--  Table structure for `admin_role_menu`
-- ----------------------------
DROP TABLE IF EXISTS `admin_role_menu`;
CREATE TABLE `admin_role_menu` (
  `role_id` int(11) NOT NULL,
  `menu_id` int(11) NOT NULL,
  `created_at` timestamp NULL DEFAULT NULL,
  `updated_at` timestamp NULL DEFAULT NULL,
  KEY `admin_role_menu_role_id_menu_id_index` (`role_id`,`menu_id`)
) ENGINE=InnoDB DEFAULT CHARSET=utf8mb4 COLLATE=utf8mb4_unicode_ci;

-- ----------------------------
--  Records of `admin_role_menu`
-- ----------------------------
BEGIN;
INSERT INTO `admin_role_menu` VALUES ('1', '2', null, null), ('4', '8', null, null);
COMMIT;

-- ----------------------------
--  Table structure for `admin_role_permissions`
-- ----------------------------
DROP TABLE IF EXISTS `admin_role_permissions`;
CREATE TABLE `admin_role_permissions` (
  `role_id` int(11) NOT NULL,
  `permission_id` int(11) NOT NULL,
  `created_at` timestamp NULL DEFAULT NULL,
  `updated_at` timestamp NULL DEFAULT NULL,
  KEY `admin_role_permissions_role_id_permission_id_index` (`role_id`,`permission_id`)
) ENGINE=InnoDB DEFAULT CHARSET=utf8mb4 COLLATE=utf8mb4_unicode_ci;

-- ----------------------------
--  Records of `admin_role_permissions`
-- ----------------------------
BEGIN;
INSERT INTO `admin_role_permissions` VALUES ('1', '1', null, null), ('2', '2', null, null), ('2', '3', null, null), ('3', '2', null, null), ('3', '3', null, null), ('4', '2', null, null), ('4', '3', null, null), ('4', '6', null, null);
COMMIT;

-- ----------------------------
--  Table structure for `admin_role_users`
-- ----------------------------
DROP TABLE IF EXISTS `admin_role_users`;
CREATE TABLE `admin_role_users` (
  `role_id` int(11) NOT NULL,
  `user_id` int(11) NOT NULL,
  `created_at` timestamp NULL DEFAULT NULL,
  `updated_at` timestamp NULL DEFAULT NULL,
  KEY `admin_role_users_role_id_user_id_index` (`role_id`,`user_id`)
) ENGINE=InnoDB DEFAULT CHARSET=utf8mb4 COLLATE=utf8mb4_unicode_ci;

-- ----------------------------
--  Records of `admin_role_users`
-- ----------------------------
BEGIN;
INSERT INTO `admin_role_users` VALUES ('1', '1', null, null), ('2', '2', null, null), ('3', '3', null, null), ('4', '6', null, null), ('2', '7', null, null);
COMMIT;

-- ----------------------------
--  Table structure for `admin_roles`
-- ----------------------------
DROP TABLE IF EXISTS `admin_roles`;
CREATE TABLE `admin_roles` (
  `id` int(10) unsigned NOT NULL AUTO_INCREMENT,
  `name` varchar(50) COLLATE utf8mb4_unicode_ci NOT NULL,
  `slug` varchar(50) COLLATE utf8mb4_unicode_ci NOT NULL,
  `created_at` timestamp NULL DEFAULT NULL,
  `updated_at` timestamp NULL DEFAULT NULL,
  PRIMARY KEY (`id`),
  UNIQUE KEY `admin_roles_name_unique` (`name`)
) ENGINE=InnoDB AUTO_INCREMENT=5 DEFAULT CHARSET=utf8mb4 COLLATE=utf8mb4_unicode_ci;

-- ----------------------------
--  Records of `admin_roles`
-- ----------------------------
BEGIN;
INSERT INTO `admin_roles` VALUES ('1', 'Administrator', 'administrator', '2018-02-11 15:42:10', '2018-02-11 15:42:10'), ('2', 'Student', 'student', '2018-02-11 16:27:06', '2018-02-11 16:27:06'), ('3', 'Coordinator', 'coordinator', '2018-02-11 16:31:58', '2018-02-11 16:31:58'), ('4', 'Manager', 'manager', '2018-02-11 16:32:38', '2018-02-11 16:32:38');
COMMIT;

-- ----------------------------
--  Table structure for `admin_user_permissions`
-- ----------------------------
DROP TABLE IF EXISTS `admin_user_permissions`;
CREATE TABLE `admin_user_permissions` (
  `user_id` int(11) NOT NULL,
  `permission_id` int(11) NOT NULL,
  `created_at` timestamp NULL DEFAULT NULL,
  `updated_at` timestamp NULL DEFAULT NULL,
  KEY `admin_user_permissions_user_id_permission_id_index` (`user_id`,`permission_id`)
) ENGINE=InnoDB DEFAULT CHARSET=utf8mb4 COLLATE=utf8mb4_unicode_ci;

-- ----------------------------
--  Table structure for `admin_users`
-- ----------------------------
DROP TABLE IF EXISTS `admin_users`;
CREATE TABLE `admin_users` (
  `id` int(10) unsigned NOT NULL AUTO_INCREMENT,
  `username` varchar(190) COLLATE utf8mb4_unicode_ci NOT NULL,
  `password` varchar(60) COLLATE utf8mb4_unicode_ci NOT NULL,
  `name` varchar(255) COLLATE utf8mb4_unicode_ci NOT NULL,
  `avatar` varchar(255) COLLATE utf8mb4_unicode_ci DEFAULT NULL,
  `email` varchar(60) COLLATE utf8mb4_unicode_ci DEFAULT NULL,
  `remember_token` varchar(100) COLLATE utf8mb4_unicode_ci DEFAULT NULL,
  `created_at` timestamp NULL DEFAULT NULL,
  `updated_at` timestamp NULL DEFAULT NULL,
  PRIMARY KEY (`id`),
  UNIQUE KEY `admin_users_username_unique` (`username`),
  UNIQUE KEY `admin_users_email_unique` (`email`)
) ENGINE=InnoDB AUTO_INCREMENT=8 DEFAULT CHARSET=utf8mb4 COLLATE=utf8mb4_unicode_ci;

-- ----------------------------
--  Records of `admin_users`
-- ----------------------------
BEGIN;
INSERT INTO `admin_users` VALUES ('1', 'admin', '$2y$10$F3/79b1NRDJReE7Hurubc.91Y72hMdptstj.se0nlvpNrcXk4PdZ2', 'Administrator', null, null, 'cJmMIwuNSfCfLSeW6qjFLpRJ6pu6damVgfaffzvQ5LXLEwII8u4rTYO2F9dy', '2018-02-11 15:42:10', '2018-02-11 15:42:10'), ('2', 'uytpvgt60819', '$2y$10$w0kFDdCEuh53SOnpY7.ULehEnAFT2P1f0PO0JkuDGtoV.38vpDrSK', 'David Chen', null, 'uytpvgt60819@fpt.edu.vn', 'tdDSunW9rV68IBcIkxZzm3foKQfPSMFJf235GXT22Zjq7qXfyBszD4tNhKtH', '2018-02-11 16:22:41', '2018-02-11 16:22:41'), ('3', 'mannlmmgt60820', '$2y$10$l/0hZVWN2N0uobCaB0oElOcxtV7RtfdKzjOpNczhEMx03aik6A2j6', 'Robeto Carlos', null, 'mannlmmgt60820@fpt.edu.vn', null, '2018-02-11 16:24:55', '2018-02-11 16:24:55'), ('6', 'anhvhgt60821', '$2y$10$NE3DX5GEQErxqHKC0eZ0C.iCPL.LORnjbQpPZIMU1pu63UG.VN5s.', 'Michael Jackson', null, 'anhvhgt60821@fpt.edu.vn', 'w6r4VC6gAfOfppgdFbrpVrGbFMy3pRR0JL0TUQ1I0FD8jquYAi8jddGjNHOY', '2018-02-11 16:26:18', '2018-02-11 16:26:18'), ('7', 'yennhgt60822', '$2y$10$ferlKHxjEqco55IF1VDbXePPrDNXMo/UTPOiSIFltrbI8yfjSFnPK', 'Lara Croft', null, 'yennhgt60822@fpt.edu.vn', null, '2018-02-11 16:35:01', '2018-02-11 16:35:01');
COMMIT;

-- ----------------------------
--  Table structure for `categories`
-- ----------------------------
DROP TABLE IF EXISTS `categories`;
CREATE TABLE `categories` (
  `id` int(10) unsigned NOT NULL AUTO_INCREMENT,
  `category_name` varchar(60) COLLATE utf8mb4_unicode_ci NOT NULL,
  `user_id` int(10) unsigned NOT NULL,
  `created_at` timestamp NULL DEFAULT NULL,
  `updated_at` timestamp NULL DEFAULT NULL,
  PRIMARY KEY (`id`),
  UNIQUE KEY `categories_category_name_unique` (`category_name`)
) ENGINE=InnoDB AUTO_INCREMENT=3 DEFAULT CHARSET=utf8mb4 COLLATE=utf8mb4_unicode_ci;

-- ----------------------------
--  Records of `categories`
-- ----------------------------
BEGIN;
INSERT INTO `categories` VALUES ('1', 'General', '3', '2018-02-12 15:53:00', '2018-02-12 15:53:00'), ('2', 'Library', '3', '2018-02-12 09:49:07', '2018-02-12 09:49:07');
COMMIT;

-- ----------------------------
--  Table structure for `comments`
-- ----------------------------
DROP TABLE IF EXISTS `comments`;
CREATE TABLE `comments` (
  `id` int(10) unsigned NOT NULL AUTO_INCREMENT,
  `created_at` timestamp NULL DEFAULT NULL,
  `updated_at` timestamp NULL DEFAULT NULL,
  `content` varchar(255) COLLATE utf8mb4_unicode_ci NOT NULL,
  `status` smallint(6) NOT NULL,
  `user_id` int(10) unsigned NOT NULL,
  `idea_id` int(10) unsigned NOT NULL,
  PRIMARY KEY (`id`),
  KEY `comments_user_id_foreign` (`user_id`),
  KEY `comments_idea_id_foreign` (`idea_id`),
  CONSTRAINT `comments_idea_id_foreign` FOREIGN KEY (`idea_id`) REFERENCES `ideas` (`id`) ON DELETE CASCADE,
  CONSTRAINT `comments_user_id_foreign` FOREIGN KEY (`user_id`) REFERENCES `admin_users` (`id`) ON DELETE CASCADE
) ENGINE=InnoDB AUTO_INCREMENT=5 DEFAULT CHARSET=utf8mb4 COLLATE=utf8mb4_unicode_ci;

-- ----------------------------
--  Records of `comments`
-- ----------------------------
BEGIN;
INSERT INTO `comments` VALUES ('1', '2018-02-13 11:22:00', '2018-02-13 11:22:00', 'This is the first comment for idea 1', '-1', '2', '1'), ('2', '2018-02-13 11:23:00', '2018-02-13 11:23:00', 'This is the second comment for idea 1', '0', '3', '1'), ('3', '2018-02-13 11:24:00', '2018-02-13 11:24:00', 'This is the third comment for idea 1', '1', '2', '1'), ('4', '2018-02-13 11:25:00', '2018-02-13 11:25:00', 'This is the first comment for idea 2', '1', '3', '2');
COMMIT;

-- ----------------------------
--  Table structure for `documents`
-- ----------------------------
DROP TABLE IF EXISTS `documents`;
CREATE TABLE `documents` (
  `id` int(10) unsigned NOT NULL AUTO_INCREMENT,
  `created_at` timestamp NULL DEFAULT NULL,
  `updated_at` timestamp NULL DEFAULT NULL,
  PRIMARY KEY (`id`)
) ENGINE=InnoDB DEFAULT CHARSET=utf8mb4 COLLATE=utf8mb4_unicode_ci;

-- ----------------------------
--  Table structure for `ideas`
-- ----------------------------
DROP TABLE IF EXISTS `ideas`;
CREATE TABLE `ideas` (
  `id` int(10) unsigned NOT NULL AUTO_INCREMENT,
  `content` text COLLATE utf8mb4_unicode_ci NOT NULL,
  `status` smallint(6) NOT NULL,
  `total_up` int(11) NOT NULL,
  `total_down` int(11) NOT NULL,
  `isAnonymous` tinyint(1) NOT NULL,
  `cate_id` int(10) unsigned NOT NULL,
  `user_id` int(10) unsigned NOT NULL,
  `created_at` timestamp NULL DEFAULT NULL,
  `updated_at` timestamp NULL DEFAULT NULL,
  PRIMARY KEY (`id`),
  KEY `ideas_cate_id_foreign` (`cate_id`),
  KEY `ideas_user_id_foreign` (`user_id`),
  CONSTRAINT `ideas_cate_id_foreign` FOREIGN KEY (`cate_id`) REFERENCES `categories` (`id`) ON DELETE CASCADE,
  CONSTRAINT `ideas_user_id_foreign` FOREIGN KEY (`user_id`) REFERENCES `admin_users` (`id`) ON DELETE CASCADE
) ENGINE=InnoDB AUTO_INCREMENT=6 DEFAULT CHARSET=utf8mb4 COLLATE=utf8mb4_unicode_ci;

-- ----------------------------
--  Records of `ideas`
-- ----------------------------
BEGIN;
INSERT INTO `ideas` VALUES ('1', 'This is the first idea', '-1', '0', '0', '0', '1', '2', '2018-02-12 18:28:00', '2018-02-12 18:28:00'), ('2', 'This is the second idea', '0', '0', '0', '0', '2', '7', '2018-02-12 18:28:00', '2018-02-12 18:28:00'), ('3', 'This is the third idea', '1', '0', '0', '0', '1', '7', '2018-02-12 18:28:00', '2018-02-12 18:28:00'), ('4', 'This is the fourth idea', '-1', '0', '0', '1', '2', '2', '2018-02-12 18:28:00', '2018-02-12 18:28:00'), ('5', 'This is the fifth idea and this idea must have long enough at least 50 characters. If not, you can not post this idea. So, this idea has long enough now but it don\'t contain any meaning because I just explain the rules of idea posting  action. Finally, this is the best idea because it has long enough and it don\'t make sense.', '-1', '0', '0', '0', '2', '1', '2018-02-12 14:33:21', '2018-02-12 14:33:21');
COMMIT;

-- ----------------------------
--  Table structure for `migrations`
-- ----------------------------
DROP TABLE IF EXISTS `migrations`;
CREATE TABLE `migrations` (
  `id` int(10) unsigned NOT NULL AUTO_INCREMENT,
  `migration` varchar(255) COLLATE utf8mb4_unicode_ci NOT NULL,
  `batch` int(11) NOT NULL,
  PRIMARY KEY (`id`)
) ENGINE=InnoDB AUTO_INCREMENT=10 DEFAULT CHARSET=utf8mb4 COLLATE=utf8mb4_unicode_ci;

-- ----------------------------
--  Records of `migrations`
-- ----------------------------
BEGIN;
INSERT INTO `migrations` VALUES ('1', '2014_10_12_000000_create_users_table', '1'), ('2', '2014_10_12_100000_create_password_resets_table', '1'), ('3', '2016_01_04_173148_create_admin_tables', '1'), ('4', '2018_02_12_053359_create_categories_table', '2'), ('5', '2018_02_12_053410_create_comments_table', '2'), ('6', '2018_02_12_053424_create_documents_table', '2'), ('7', '2018_02_12_053435_create_ideas_table', '2'), ('8', '2018_02_12_053445_create_rates_table', '2'), ('9', '2018_02_13_041127_add_fields_to_comments', '3');
COMMIT;

-- ----------------------------
--  Table structure for `password_resets`
-- ----------------------------
DROP TABLE IF EXISTS `password_resets`;
CREATE TABLE `password_resets` (
  `email` varchar(255) COLLATE utf8mb4_unicode_ci NOT NULL,
  `token` varchar(255) COLLATE utf8mb4_unicode_ci NOT NULL,
  `created_at` timestamp NULL DEFAULT NULL,
  KEY `password_resets_email_index` (`email`)
) ENGINE=InnoDB DEFAULT CHARSET=utf8mb4 COLLATE=utf8mb4_unicode_ci;

-- ----------------------------
--  Table structure for `rates`
-- ----------------------------
DROP TABLE IF EXISTS `rates`;
CREATE TABLE `rates` (
  `id` int(10) unsigned NOT NULL AUTO_INCREMENT,
  `created_at` timestamp NULL DEFAULT NULL,
  `updated_at` timestamp NULL DEFAULT NULL,
  PRIMARY KEY (`id`)
) ENGINE=InnoDB DEFAULT CHARSET=utf8mb4 COLLATE=utf8mb4_unicode_ci;

-- ----------------------------
--  Table structure for `users`
-- ----------------------------
DROP TABLE IF EXISTS `users`;
CREATE TABLE `users` (
  `id` int(10) unsigned NOT NULL AUTO_INCREMENT,
  `name` varchar(255) COLLATE utf8mb4_unicode_ci NOT NULL,
  `email` varchar(255) COLLATE utf8mb4_unicode_ci NOT NULL,
  `password` varchar(255) COLLATE utf8mb4_unicode_ci NOT NULL,
  `remember_token` varchar(100) COLLATE utf8mb4_unicode_ci DEFAULT NULL,
  `created_at` timestamp NULL DEFAULT NULL,
  `updated_at` timestamp NULL DEFAULT NULL,
  PRIMARY KEY (`id`),
  UNIQUE KEY `users_email_unique` (`email`)
) ENGINE=InnoDB DEFAULT CHARSET=utf8mb4 COLLATE=utf8mb4_unicode_ci;

SET FOREIGN_KEY_CHECKS = 1;
